[
{
    "type": "vehicle",
    "id": "boat_patrol_craft",
    "name": "river patrol craft",
    "blueprint": [
      [ "|--\\" ],
      [ "|==O>" ],
      [ "|--/ " ]
    ],
    "parts": [
      { "x": 3, "y": 1, "parts": [ "frame_vertical", "metal_boat_hull" ] },
      { "x": 2, "y": 1, "parts": [ "frame_vertical", "metal_boat_hull", "reinforced_windshield" ] },
      { "x": 1, "y": 1, "parts": [ "frame_vertical", "metal_boat_hull", "hdstowboard_vertical" ] },
      { "x": 0, "y": 1, "parts": [ "frame_vertical", "metal_boat_hull" ] },
      { "x": -1, "y": 1, "parts": [ "frame_vertical", "metal_boat_hull" ] },
      { "x": -2, "y": 1, "parts": [ "frame_vertical", "metal_boat_hull", "cargo_space" ] },
      { "x": -3, "y": 1, "parts": [ "frame_vertical", "metal_boat_hull", "cargo_space" ] },
      { "x": 3, "y": 0, "parts": [ "frame_vertical", "metal_boat_hull", "battery_car" ] },
      { "x": 2, "y": 0, "parts": [ "frame_vertical", "metal_boat_hull", "reinforced_windshield" ] },
      { "x": 1, "y": 0, "parts": [ "frame_vertical", "metal_boat_hull", "seat", "controls", "roof" ] },
      { "x": 0, "y": 0, "parts": [ "frame_vertical", "metal_boat_hull", "seat"] },
	  { "x": 4, "y": 0, "parts": [ "frame_vertical", "metal_boat_hull" ] },
      { "x": -1, "y": 0, "parts": [ "frame_vertical", "metal_boat_hull", "seat" ] },
      { "x": -2, "y": 0, "parts": [ "frame_vertical", "metal_boat_hull", "seat" ] },
      { "x": -3, "y": 0, "parts": [ "frame_vertical", "metal_boat_hull", "diesel_engine_v6", "alternator_car", { "x": 0, "y": 0, "part": "tank_30gal_drum", "fuel": "jp8" } ] },
	  { "x": 4, "y": -1, "parts": [ "frame_vertical", "metal_boat_hull" ] },
      { "x": 3, "y": -1, "parts": [ "frame_vertical", "metal_boat_hull" ] },
      { "x": 2, "y": -1, "parts": [ "frame_vertical", "metal_boat_hull", "reinforced_windshield" ] },
{ "x": 1, "y": -1, "parts": [ "frame_vertical", "metal_boat_hull", "seat", "roof", "turret_mount", {"part": "mounted_m240", "ammo": 80, "ammo_qty": [ 10, 125 ] } ] },
      { "x": 0, "y": -1, "parts": [ "frame_vertical", "metal_boat_hull", "aisle_horizontal" ] },
      { "x": -1, "y": -1, "parts": [ "frame_vertical", "metal_boat_hull", "aisle_horizontal" ] },
      { "x": -2, "y": -1, "parts": [ "frame_vertical", "metal_boat_hull", "trunk" ] },
      { "x": -3, "y": -1, "parts": [ "frame_vertical", "metal_boat_hull" ] },
      { "x": 3, "y": -2, "parts": [ "frame_vertical", "metal_boat_hull" ] },
      { "x": 2, "y": -2, "parts": [ "frame_vertical", "metal_boat_hull", "reinforced_windshield" ] },
      { "x": 1, "y": -2, "parts": [ "frame_vertical", "metal_boat_hull", "hdstowboard_vertical" ] },
      { "x": 0, "y": -2, "parts": [ "frame_vertical", "metal_boat_hull" ] },
      { "x": -1, "y": -2, "parts": [ "frame_vertical", "metal_boat_hull" ] },
      { "x": -2, "y": -2, "parts": [ "frame_vertical", "metal_boat_hull", "cargo_space" ] },
      { "x": -3, "y": -2, "parts": [ "frame_vertical", "metal_boat_hull", "cargo_space" ] }
    ]
  },
{
    "type": "vehicle",
    "id": "racing_boat",
    "name": "racing_boat",
    "blueprint": [
      [ "|--\\" ],
      [ "|==O>" ],
      [ "|--/ " ]
    ],
    "parts": [
      { "x": 3, "y": 1, "parts": [ "xlframe_vertical", "carbonfiber_boat_hull" ] },
      { "x": 2, "y": 1, "parts": [ "xlframe_vertical", "carbonfiber_boat_hull", "windshield" ] },
      { "x": 1, "y": 1, "parts": [ "xlframe_vertical", "carbonfiber_boat_hull", "xlhalfboard_vertical" ] },
      { "x": 0, "y": 1, "parts": [ "xlframe_vertical", "carbonfiber_boat_hull", "windshield_se" ] },
      { "x": -1, "y": 1, "parts": [ "xlframe_vertical", "carbonfiber_boat_hull" ] },
      { "x": -2, "y": 1, "parts": [ "xlframe_vertical", "carbonfiber_boat_hull" ] },
      { "x": 3, "y": 0, "parts": [ "xlframe_vertical", "carbonfiber_boat_hull", "battery_car" ] },
      { "x": 2, "y": 0, "parts": [ "xlframe_vertical", "carbonfiber_boat_hull", "windshield" ] },
      { "x": 1, "y": 0, "parts": [ "xlframe_vertical", "carbonfiber_boat_hull", "seat_leather", "controls", "stereo", "roof" ] },
      { "x": 0, "y": 0, "parts": [ "xlframe_vertical", "carbonfiber_boat_hull", "seat_leather", "roof" ] },
	  { "x": 4, "y": 0, "parts": [ "xlframe_vertical", "carbonfiber_boat_hull" ] },
      { "x": -1, "y": 0, "parts": [ "xlframe_vertical", "carbonfiber_boat_hull", "minifridge" ] },
      { "x": -2, "y": 0, "parts": [ "xlframe_vertical", "carbonfiber_boat_hull", "engine_v8", { "x": 0, "y": 0, "part": "tank", "fuel": "gasoline" }, "alternator_car" ] },
	  { "x": 4, "y": -1, "parts": [ "xlframe_vertical", "carbonfiber_boat_hull" ] },
      { "x": 3, "y": -1, "parts": [ "xlframe_vertical", "carbonfiber_boat_hull" ] },
      { "x": 2, "y": -1, "parts": [ "xlframe_vertical", "carbonfiber_boat_hull", "windshield" ] },
      { "x": 1, "y": -1, "parts": [ "xlframe_vertical", "carbonfiber_boat_hull", "seat_leather", "roof" ] },
      { "x": 0, "y": -1, "parts": [ "xlframe_vertical", "carbonfiber_boat_hull", "aisle_horizontal", "roof" ] },
      { "x": -1, "y": -1, "parts": [ "xlframe_vertical", "carbonfiber_boat_hull", "trunk" ] },
      { "x": -2, "y": -1, "parts": [ "xlframe_vertical", "carbonfiber_boat_hull" ] },
      { "x": 3, "y": -2, "parts": [ "xlframe_vertical", "carbonfiber_boat_hull" ] },
      { "x": 2, "y": -2, "parts": [ "xlframe_vertical", "carbonfiber_boat_hull", "windshield" ] },
      { "x": 1, "y": -2, "parts": [ "xlframe_vertical", "carbonfiber_boat_hull", "xlhalfboard_vertical" ] },
      { "x": 0, "y": -2, "parts": [ "xlframe_vertical", "carbonfiber_boat_hull", "windshield_sw" ] },
      { "x": -1, "y": -2, "parts": [ "xlframe_vertical", "carbonfiber_boat_hull" ] },
      { "x": -2, "y": -2, "parts": [ "xlframe_vertical", "carbonfiber_boat_hull" ] }
    ]
  },
  {
    "type": "vehicle",
    "id": "motorized_fishing_dinghy",
    "name": "motorized fishing dinghy",
    "blueprint": [
      [ "|--\\" ],
      [ "|==O>" ],
      [ "|--/ " ]
    ],
    "parts": [
      { "x": 3, "y": 1, "parts": [ "frame_vertical", "plastic_boat_hull" ] },
      { "x": 2, "y": 1, "parts": [ "frame_vertical", "plastic_boat_hull", "windshield" ] },
      { "x": 1, "y": 1, "parts": [ "frame_vertical", "plastic_boat_hull"  ] },
      { "x": 0, "y": 1, "parts": [ "frame_vertical", "plastic_boat_hull" ] },
      { "x": -1, "y": 1, "parts": [ "frame_vertical", "plastic_boat_hull" ] },
      { "x": 3, "y": 0, "parts": [ "frame_vertical", "plastic_boat_hull", "battery_car" ] },
      { "x": 2, "y": 0, "parts": [ "frame_vertical", "plastic_boat_hull", "windshield" ] },
      { "x": 1, "y": 0, "parts": [ "frame_vertical", "plastic_boat_hull", "seat", "controls", "roof" ] },
	  { "x": 4, "y": 0, "parts": [ "frame_vertical", "plastic_boat_hull" ] },
      { "x": 0, "y": 0, "parts": [ "frame_vertical", "plastic_boat_hull", "trunk" ] },
      { "x": -1, "y": 0, "parts": [ "frame_vertical", "plastic_boat_hull", "engine_1cyl_large", "alternator_motorbike", { "x": 0, "y": 0, "part": "tank_small", "fuel": "gasoline" } ] },
      { "x": 3, "y": -1, "parts": [ "frame_vertical", "plastic_boat_hull" ] },
      { "x": 2, "y": -1, "parts": [ "frame_vertical", "plastic_boat_hull", "windshield" ] },
      { "x": 1, "y": -1, "parts": [ "frame_vertical", "plastic_boat_hull" ] },
      { "x": 0, "y": -1, "parts": [ "frame_vertical", "plastic_boat_hull" ] },
      { "x": -1, "y": -1, "parts": [ "frame_vertical", "plastic_boat_hull" ] }
    ]
  },
  {
    "type": "vehicle",
    "id": "motorized_fishing_boat",
    "name": "motorized fishing boat",
    "blueprint": [
      [ "|--\\" ],
      [ "|==O>" ],
      [ "|--/ " ]
    ],
    "parts": [
      { "x": 3, "y": 1, "parts": [ "frame_vertical", "plastic_boat_hull" ] },
      { "x": 2, "y": 1, "parts": [ "frame_vertical", "plastic_boat_hull", "windshield" ] },
      { "x": 1, "y": 1, "parts": [ "frame_vertical", "plastic_boat_hull", "stowboard_vertical" ] },
      { "x": 0, "y": 1, "parts": [ "frame_vertical", "plastic_boat_hull", "windshield_se" ] },
      { "x": -1, "y": 1, "parts": [ "frame_vertical", "plastic_boat_hull" ] },
      { "x": -2, "y": 1, "parts": [ "frame_vertical", "plastic_boat_hull" ] },
      { "x": 3, "y": 0, "parts": [ "frame_vertical", "plastic_boat_hull", "battery_car" ] },
      { "x": 2, "y": 0, "parts": [ "frame_vertical", "plastic_boat_hull", "windshield" ] },
      { "x": 1, "y": 0, "parts": [ "frame_vertical", "plastic_boat_hull", "seat", "controls", "roof" ] },
      { "x": 0, "y": 0, "parts": [ "frame_vertical", "plastic_boat_hull", "windshield" ] },
	  { "x": 4, "y": 0, "parts": [ "frame_vertical", "plastic_boat_hull" ] },
      { "x": -1, "y": 0, "parts": [ "frame_vertical", "plastic_boat_hull", "trunk" ] },
      { "x": -2, "y": 0, "parts": [ "frame_vertical", "plastic_boat_hull", "engine_1cyl_large", "alternator_motorbike", { "x": 0, "y": 0, "part": "tank", "fuel": "gasoline" } ] },
	  { "x": 4, "y": -1, "parts": [ "frame_vertical", "plastic_boat_hull" ] },
      { "x": 3, "y": -1, "parts": [ "frame_vertical", "plastic_boat_hull" ] },
      { "x": 2, "y": -1, "parts": [ "frame_vertical", "plastic_boat_hull", "windshield" ] },
      { "x": 1, "y": -1, "parts": [ "frame_vertical", "plastic_boat_hull", "aisle_horizontal", "roof" ] },
      { "x": 0, "y": -1, "parts": [ "frame_vertical", "plastic_boat_hull", "hatch" ] },
      { "x": -1, "y": -1, "parts": [ "frame_vertical", "plastic_boat_hull", "trunk" ] },
      { "x": -2, "y": -1, "parts": [ "frame_vertical", "plastic_boat_hull" ] },
      { "x": 3, "y": -2, "parts": [ "frame_vertical", "plastic_boat_hull" ] },
      { "x": 2, "y": -2, "parts": [ "frame_vertical", "plastic_boat_hull", "windshield" ] },
      { "x": 1, "y": -2, "parts": [ "frame_vertical", "plastic_boat_hull", "stowboard_vertical" ] },
      { "x": 0, "y": -2, "parts": [ "frame_vertical", "plastic_boat_hull", "windshield_sw" ] },
      { "x": -1, "y": -2, "parts": [ "frame_vertical", "plastic_boat_hull" ] },
      { "x": -2, "y": -2, "parts": [ "frame_vertical", "plastic_boat_hull" ] }
    ]
  },
  {
    "type": "vehicle",
    "id": "jetski",
    "name": "jet ski",
    "blueprint": [ [ "<O>" ] ],
    "parts": [
      { "x": 0, "y": 0, "parts": [ "xlframe_horizontal", "seat", "controls", "plastic_boat_hull", "battery_motorbike" ] },
      { "x": 1, "y": 0, "parts": [ "xlframe_horizontal", "plastic_boat_hull", "engine_1cyl", "alternator_motorbike" ] },
      { "x": 0, "y": 0, "part": "tank_small", "fuel": "gasoline" }
    ]
  },
  {
    "type": "vehicle",
    "id": "big_fishing_boat",
    "name": "big fishing boat",
    "blueprint": [
      [ "|--\\" ],
      [ "|==O>" ],
      [ "|--/ " ]
    ],
    "parts": [
      { "x": 3, "y": 1, "parts": [ "frame_vertical", "plastic_boat_hull" ] },
      { "x": 2, "y": 1, "parts": [ "frame_vertical", "plastic_boat_hull", "windshield" ] },
      { "x": 1, "y": 1, "parts": [ "frame_vertical", "plastic_boat_hull", "stowboard_vertical" ] },
      { "x": 0, "y": 1, "parts": [ "frame_vertical", "plastic_boat_hull", "windshield" ] },
      { "x": -1, "y": 1, "parts": [ "frame_vertical", "plastic_boat_hull", "windshield_se" ] },
      { "x": -2, "y": 1, "parts": [ "frame_vertical", "plastic_boat_hull" ] },
      { "x": -3, "y": 1, "parts": [ "frame_vertical", "plastic_boat_hull" ] },
      { "x": -4, "y": 1, "parts": [ "frame_vertical", "plastic_boat_hull" ] },
      { "x": 3, "y": 0, "parts": [ "frame_vertical", "plastic_boat_hull", "battery_car" ] },
      { "x": 2, "y": 0, "parts": [ "frame_vertical", "plastic_boat_hull", "windshield" ] },
      { "x": 1, "y": 0, "parts": [ "frame_vertical", "plastic_boat_hull", "seat", "controls", "dashboard", "roof" ] },
      { "x": 0, "y": 0, "parts": [ "frame_vertical", "plastic_boat_hull", "aisle_horizontal" ] },
	  { "x": 4, "y": 0, "parts": [ "frame_vertical", "plastic_boat_hull" ] },
      { "x": -1, "y": 0, "parts": [ "frame_vertical", "plastic_boat_hull", "stowboard_horizontal" ] },
      { "x": -2, "y": 0, "parts": [ "frame_vertical", "plastic_boat_hull", "engine_inline4", "alternator_truck", { "x": 0, "y": 0, "part": "tank_30gal_drum", "fuel": "gasoline" }, "aisle_horizontal" ] },
      { "x": -3, "y": 0, "parts": [ "frame_vertical", "plastic_boat_hull", "trunk" ] },
	  { "x": -4, "y": 0, "parts": [ "frame_vertical", "plastic_boat_hull" ] },
	  { "x": 4, "y": -1, "parts": [ "frame_vertical", "plastic_boat_hull" ] },
      { "x": 3, "y": -1, "parts": [ "frame_vertical", "plastic_boat_hull" ] },
      { "x": 2, "y": -1, "parts": [ "frame_vertical", "plastic_boat_hull", "windshield" ] },
      { "x": 1, "y": -1, "parts": [ "frame_vertical", "plastic_boat_hull", "veh_table", "roof" ] },
      { "x": 0, "y": -1, "parts": [ "frame_vertical", "plastic_boat_hull", "aisle_horizontal" ] },
      { "x": -1, "y": -1, "parts": [ "frame_vertical", "plastic_boat_hull", "hatch" ] },
      { "x": -2, "y": -1, "parts": [ "frame_vertical", "plastic_boat_hull", "aisle_horizontal" ] },
      { "x": -3, "y": -1, "parts": [ "frame_vertical", "plastic_boat_hull", "trunk" ] },
      { "x": -4, "y": -1, "parts": [ "frame_vertical", "plastic_boat_hull" ] },
	  { "x": 4, "y": -2, "parts": [ "frame_vertical", "plastic_boat_hull" ] },
      { "x": 3, "y": -2, "parts": [ "frame_vertical", "plastic_boat_hull" ] },
      { "x": 2, "y": -2, "parts": [ "frame_vertical", "plastic_boat_hull", "windshield" ] },
      { "x": 1, "y": -2, "parts": [ "frame_vertical", "plastic_boat_hull", "minifridge" ] },
      { "x": 0, "y": -2, "parts": [ "frame_vertical", "plastic_boat_hull", "bed" ] },
      { "x": -1, "y": -2, "parts": [ "frame_vertical", "plastic_boat_hull", "stowboard_horizontal" ] },
      { "x": -2, "y": -2, "parts": [ "frame_vertical", "plastic_boat_hull", "aisle_horizontal" ] },
      { "x": -3, "y": -2, "parts": [ "frame_vertical", "plastic_boat_hull", "trunk" ] },
      { "x": -4, "y": -2, "parts": [ "frame_vertical", "plastic_boat_hull" ] },
      { "x": 3, "y": -3, "parts": [ "frame_vertical", "plastic_boat_hull" ] },
      { "x": 2, "y": -3, "parts": [ "frame_vertical", "plastic_boat_hull", "windshield" ] },
      { "x": 1, "y": -3, "parts": [ "frame_vertical", "plastic_boat_hull", "stowboard_vertical" ] },
      { "x": 0, "y": -3, "parts": [ "frame_vertical", "plastic_boat_hull", "windshield" ] },
      { "x": -1, "y": -3, "parts": [ "frame_vertical", "plastic_boat_hull", "windshield_sw" ] },
      { "x": -2, "y": -3, "parts": [ "frame_vertical", "plastic_boat_hull" ] },
      { "x": -3, "y": -3, "parts": [ "frame_vertical", "plastic_boat_hull" ] },
      { "x": -4, "y": -3, "parts": [ "frame_vertical", "plastic_boat_hull" ] }
    ]
  },
  {
    "type": "vehicle",
    "id": "jetski",
    "name": "jet ski",
    "blueprint": [ [ "<O>" ] ],
    "parts": [
      { "x": 0, "y": 0, "parts": [ "xlframe_horizontal", "seat", "controls", "plastic_boat_hull", "battery_motorbike" ] },
      { "x": 1, "y": 0, "parts": [ "xlframe_horizontal", "plastic_boat_hull", "engine_1cyl", "alternator_motorbike" ] },
      { "x": 0, "y": 0, "part": "tank_small", "fuel": "gasoline" }
    ]
  },
  {
    "type": "vehicle",
    "id": "luxury_yacht",
    "name": "Luxury Yacht",
    "blueprint": [
      [ "|--\\" ],
      [ "|==O>" ],
      [ "|--/ " ]
    ],
    "parts": [
      { "x": 3, "y": 1, "parts": [ "xlframe_vertical", "boat_board" ] },
      { "x": 2, "y": 1, "parts": [ "xlframe_vertical", "boat_board", "windshield" ] },
      { "x": 1, "y": 1, "parts": [ "xlframe_vertical", "boat_board", "stowboard_vertical" ] },
      { "x": 0, "y": 1, "parts": [ "xlframe_vertical", "boat_board", "windshield" ] },
      { "x": -1, "y": 1, "parts": [ "xlframe_vertical", "boat_board", "windshield_se" ] },
      { "x": -2, "y": 1, "parts": [ "xlframe_vertical", "boat_board" ] },
      { "x": -3, "y": 1, "parts": [ "xlframe_vertical", "boat_board" ] },
      { "x": -4, "y": 1, "parts": [ "xlframe_vertical", "boat_board" ] },
      { "x": 3, "y": 0, "parts": [ "xlframe_vertical", "boat_board", "large_storage_battery" ] },
      { "x": 2, "y": 0, "parts": [ "xlframe_vertical", "boat_board", "windshield" ] },
      { "x": 1, "y": 0, "parts": [ "xlframe_vertical", "boat_board", "veh_table", "solar_panel_v2" ] },
      { "x": 0, "y": 0, "parts": [ "xlframe_vertical", "boat_board", "seat_leather", "controls", "stereo", "mountable_heater", "dashboard", "roof", "solar_panel_v2" ] },
	  { "x": 4, "y": 0, "parts": [ "xlframe_vertical", "boat_board" ] },
      { "x": -1, "y": 0, "parts": [ "xlframe_vertical", "boat_board", "stowboard_horizontal" ] },
      { "x": -2, "y": 0, "parts": [ "xlframe_vertical", "boat_board", "engine_electric_large", "aisle_horizontal"] },
      { "x": -3, "y": 0, "parts": [ "xlframe_vertical", "boat_board", "seat_leather"] },
	  { "x": -4, "y": 0, "parts": [ "xlframe_vertical", "boat_board" ] },
	  { "x": 4, "y": -1, "parts": [ "xlframe_vertical", "boat_board" ] },
      { "x": 3, "y": -1, "parts": [ "xlframe_vertical", "boat_board", "large_storage_battery" ] },
      { "x": 2, "y": -1, "parts": [ "xlframe_vertical", "boat_board", "windshield" ] },
      { "x": 1, "y": -1, "parts": [ "xlframe_vertical", "boat_board", "minifridge", "roof", "solar_panel_v2" ] },
      { "x": 0, "y": -1, "parts": [ "xlframe_vertical", "boat_board", "aisle_horizontal", "solar_panel_v2" ] },
      { "x": -1, "y": -1, "parts": [ "xlframe_vertical", "boat_board", "hatch" ] },
      { "x": -2, "y": -1, "parts": [ "xlframe_vertical", "boat_board", "aisle_horizontal", "sail"  ] },
      { "x": -3, "y": -1, "parts": [ "xlframe_vertical", "boat_board", "veh_table" ] },
      { "x": -4, "y": -1, "parts": [ "xlframe_vertical", "boat_board" ] },
	  { "x": 4, "y": -2, "parts": [ "xlframe_vertical", "boat_board" ] },
      { "x": 3, "y": -2, "parts": [ "xlframe_vertical", "boat_board" ] },
      { "x": 2, "y": -2, "parts": [ "xlframe_vertical", "boat_board", "windshield" ] },
      { "x": 1, "y": -2, "parts": [ "xlframe_vertical", "boat_board", "kitchen_unit", "solar_panel_v2" ] },
      { "x": 0, "y": -2, "parts": [ "xlframe_vertical", "boat_board", "bed", "solar_panel_v2" ] },
      { "x": -1, "y": -2, "parts": [ "xlframe_vertical", "boat_board", "stowboard_horizontal" ] },
      { "x": -2, "y": -2, "parts": [ "xlframe_vertical", "boat_board", "aisle_horizontal" ] },
      { "x": -3, "y": -2, "parts": [ "xlframe_vertical", "boat_board", "seat_leather" ] },
      { "x": -4, "y": -2, "parts": [ "xlframe_vertical", "boat_board" ] },
      { "x": 3, "y": -3, "parts": [ "xlframe_vertical", "boat_board" ] },
      { "x": 2, "y": -3, "parts": [ "xlframe_vertical", "boat_board", "windshield" ] },
      { "x": 1, "y": -3, "parts": [ "xlframe_vertical", "boat_board", "stowboard_vertical" ] },
      { "x": 0, "y": -3, "parts": [ "xlframe_vertical", "boat_board", "windshield" ] },
      { "x": -1, "y": -3, "parts": [ "xlframe_vertical", "boat_board", "windshield_sw" ] },
      { "x": -2, "y": -3, "parts": [ "xlframe_vertical", "boat_board" ] },
      { "x": -3, "y": -3, "parts": [ "xlframe_vertical", "boat_board" ] },
      { "x": -4, "y": -3, "parts": [ "xlframe_vertical", "boat_board" ] }
    ]
  },
  {
    "type": "vehicle",
    "id": "premium_jetski",
    "name": "premium jet ski",
    "blueprint": [ [ "<O>" ] ],
    "parts": [
      { "x": 0, "y": 0, "parts": [ "xlframe_horizontal", "seat_leather", "controls", "carbonfiber_boat_hull", "battery_motorbike", "headlight", "muffler" ] },
      { "x": 1, "y": 0, "parts": [ "xlframe_horizontal", "carbonfiber_boat_hull" , "engine_1cyl_large", "alternator_motorbike" ] },
      { "x": 0, "y": 0, "part": "tank_medium", "fuel": "gasoline" }
    ]
  }
]