[
  {
    "type": "vehicle",
    "id": "pickup_rockettechnical",
    "name": "Technical",
    "blueprint": [
      [ "o--+-ox" ],
      [ "=='#'|x" ],
      [ ".#'#'|x" ],
      [ "o--+-ox" ]
    ],
    "parts": [
      { "x": 0, "y": 0, "part": "frame_vertical_2" },
      { "x": 0, "y": 0, "part": "seat" },
      { "x": 0, "y": 0, "part": "seatbelt" },
      { "x": 0, "y": 0, "part": "controls" },
      { "x": 0, "y": 0, "part": "dashboard" },
      { "x": 0, "y": 0, "part": "stereo" },
      { "x": 0, "y": 0, "part": "horn_car" },
      { "x": 0, "y": 0, "part": "roof" },
      { "x": 0, "y": 1, "part": "frame_vertical_2" },
      { "x": 0, "y": 1, "part": "seat" },
      { "x": 0, "y": 1, "part": "seatbelt" },
      { "x": 0, "y": 1, "part": "roof" },
      { "x": 0, "y": -1, "part": "frame_vertical" },
      { "x": 0, "y": -1, "part": "door_front_left" },
      { "x": 0, "y": 2, "part": "frame_vertical" },
      { "x": 0, "y": 2, "part": "door_front_right" },
      { "x": -1, "y": 0, "part": "frame_vertical_2" },
      { "x": -1, "y": 0, "part": "windshield_horizontal_front" },
      { "x": -1, "y": 0, "part": "rebar_plate" },
      { "x": -1, "y": 0, "part": "roof" },
      { "x": -1, "y": 1, "part": "frame_vertical_2" },
      { "x": -1, "y": 1, "part": "windshield_horizontal_front" },
      { "x": -1, "y": 1, "part": "rebar_plate" },
      { "x": -1, "y": 1, "part": "roof" },
      { "x": -1, "y": -1, "part": "frame_vertical" },
      { "x": -1, "y": -1, "part": "halfboard_vertical_left" },
      { "x": -1, "y": 2, "part": "frame_vertical" },
      { "x": -1, "y": 2, "part": "halfboard_vertical_right" },
      { "x": 1, "y": 0, "part": "frame_horizontal" },
      { "x": 1, "y": 0, "part": "reinforced_windshield" },
      { "x": 1, "y": 0, "part": "rebar_plate" },
      { "x": 1, "y": 1, "part": "frame_horizontal" },
      { "x": 1, "y": 1, "part": "reinforced_windshield" },
      { "x": 1, "y": 1, "part": "rebar_plate" },
      { "x": 1, "y": -1, "part": "frame_vertical" },
      { "x": 1, "y": -1, "part": "windshield_nw" },
      { "x": 1, "y": -1, "part": "rebar_plate" },
      { "x": 1, "y": 2, "part": "frame_vertical" },
      { "x": 1, "y": 2, "part": "windshield_ne" },
      { "x": 1, "y": 2, "part": "rebar_plate" },
      { "x": 2, "y": 0, "part": "frame_horizontal" },
      { "x": 2, "y": 0, "part": "hdhalfboard_horizontal" },
      { "x": 2, "y": 0, "part": "engine_v6" },
      { "x": 2, "y": 0, "part": "alternator_car" },
      { "x": 2, "y": 0, "part": "battery_car" },
      { "x": 2, "y": 1, "part": "frame_horizontal" },
      { "x": 2, "y": 1, "part": "hdhalfboard_horizontal" },
      { "x": 2, "y": -1, "part": "frame_nw" },
      { "x": 2, "y": -1, "part": "hdhalfboard_nw" },
      { "x": 2, "y": -1, "parts": [ "wheel_mount_medium_steerable", "wheel" ] },
      { "x": 2, "y": -1, "part": "spring_plate" },
      { "x": 2, "y": -1, "part": "headlight" },
      { "x": 2, "y": 2, "part": "frame_ne" },
      { "x": 2, "y": 2, "part": "hdhalfboard_ne" },
      { "x": 2, "y": 2, "parts": [ "wheel_mount_medium_steerable", "wheel" ] },
      { "x": 2, "y": 2, "part": "spring_plate" },
      { "x": 2, "y": 2, "part": "headlight" },
      { "x": 3, "y": 0, "part": "ram_spiked" },
      { "x": 3, "y": 1, "part": "ram_spiked" },
      { "x": 3, "y": -1, "part": "ram_spiked" },
      { "x": 3, "y": 2, "part": "ram_spiked" },
      { "x": -2, "y": 0, "part": "frame_vertical" },
      { "x": -2, "y": 0, "part": "trunk" },
      { "x": -2, "y": 0, "part": "muffler" },
      { "x": -2, "y": 0, "part": "roof" },
      { "x": -2, "y": 1, "part": "frame_vertical" },
      { "x": -2, "y": 1, "part": "seat" },
      { "x": -2, "y": 1, "part": "turret_mount" },
      { "x": -2, "y": 1, "part": "mounted_narrenkanone", "ammo": 80, "ammo_qty": [ 1, 4 ] },
      { "x": -2, "y": 1, "part": "roof" },
      { "x": -2, "y": -1, "part": "frame_vertical" },
      { "x": -2, "y": -1, "part": "halfboard_vertical_left" },
      { "x": -2, "y": -1, "part": "tank", "fuel": "gasoline" },
      { "x": -2, "y": 2, "part": "frame_vertical" },
      { "x": -2, "y": 2, "part": "halfboard_vertical_right" },
      { "x": -2, "y": 2, "part": "tank", "fuel": "gasoline" },
      { "x": -3, "y": -1, "part": "frame_horizontal" },
      { "x": -3, "y": -1, "part": "halfboard_sw" },
      { "x": -3, "y": -1, "parts": [ "wheel_mount_medium", "wheel" ] },
      { "x": -3, "y": -1, "part": "spring_plate" },
      { "x": -3, "y": 0, "part": "frame_horizontal" },
      { "x": -3, "y": 0, "part": "trunk" },
      { "x": -3, "y": 1, "part": "frame_horizontal" },
      { "x": -3, "y": 1, "part": "aisle_vertical" },
      { "x": -3, "y": 2, "part": "frame_horizontal" },
      { "x": -3, "y": 2, "part": "halfboard_se" },
      { "x": -3, "y": 2, "parts": [ "wheel_mount_medium", "wheel" ] },
      { "x": -3, "y": 2, "part": "spring_plate" }
    ],
    "items": [
      { "x": -2, "y": 0, "chance": 45, "item": [ "explosive_hm_hv_rocket" ] },
      { "x": -2, "y": 0, "chance": 45, "item": [ "explosive_hm_hv_rocket" ] },
      { "x": -2, "y": 0, "chance": 45, "item": [ "explosive_hm_hv_rocket" ] },
      { "x": -2, "y": 0, "chance": 45, "item": [ "explosive_hm_hv_rocket" ] },
      { "x": -2, "y": 0, "chance": 45, "item": [ "explosive_hm_hv_rocket" ] },
      { "x": -3, "y": 0, "chance": 45, "item": [ "explosive_hm_hv_rocket" ] },
      { "x": -3, "y": 0, "chance": 45, "item": [ "explosive_hm_hv_rocket" ] },
      { "x": -3, "y": 0, "chance": 45, "item": [ "explosive_hm_hv_rocket" ] },
      { "x": -3, "y": 0, "chance": 45, "item": [ "explosive_hm_hv_rocket" ] },
      { "x": -3, "y": 0, "chance": 45, "item": [ "explosive_hm_hv_rocket" ] }
    ]
  },
  {
    "id": "solarelectric_bus",
    "type": "vehicle",
    "name": "Solar Electric Bus",
    "blueprint": [
      [ "            o" ],
      [ "''O''''''''''O" ],
      [ "'###########'H" ],
      [ "'#..........'>" ],
      [ "'###.######.'H" ],
      [ "''O'+''''''+'O" ],
      [ "            o" ]
    ],
    "parts": [
      { "x": 0, "y": 1, "part": "xlframe_vertical_2" },
      { "x": 0, "y": 1, "part": "aisle_vertical" },
      { "x": 0, "y": 1, "part": "roof" },
      { "x": 0, "y": 2, "part": "xlframe_vertical_2" },
      { "x": 0, "y": 2, "part": "aisle_horizontal" },
      { "x": 0, "y": 2, "part": "roof" },
      { "x": 0, "y": 2, "part": "solar_panel" },
      { "x": 0, "y": 3, "part": "xlframe_vertical" },
      { "x": 0, "y": 3, "part": "door" },
      { "x": 0, "y": 0, "part": "xlframe_vertical_2" },
      { "x": 0, "y": 0, "part": "seat" },
      { "x": 0, "y": 0, "part": "controls" },
      { "x": 0, "y": 0, "part": "dashboard" },
      { "x": 0, "y": 0, "part": "vehicle_clock" },
      { "x": 0, "y": 0, "part": "vehicle_alarm" },
      { "x": 0, "y": 0, "part": "horn_car" },
      { "x": 0, "y": 0, "part": "roof" },
      { "x": 0, "y": 0, "part": "solar_panel" },
      { "x": 0, "y": -1, "part": "xlframe_vertical" },
      { "x": 0, "y": -1, "part": "windshield" },
      { "x": 1, "y": -1, "part": "xlframe_horizontal" },
      { "x": 1, "y": -1, "part": "windshield" },
      { "x": 1, "y": 0, "part": "xlframe_horizontal" },
      { "x": 1, "y": 0, "part": "windshield" },
      { "x": 1, "y": 0, "part": "storage_battery" },
      { "x": 1, "y": -2, "part": "wing_mirror" },
      { "x": 1, "y": 1, "part": "xlframe_horizontal" },
      { "x": 1, "y": 1, "part": "windshield" },
      { "x": 1, "y": 1, "part": "inboard_mirror" },
      { "x": 1, "y": 2, "part": "xlframe_horizontal" },
      { "x": 1, "y": 2, "part": "storage_battery" },
      { "x": 1, "y": 2, "part": "windshield" },
      { "x": 1, "y": 3, "part": "xlframe_horizontal" },
      { "x": 1, "y": 3, "part": "windshield" },
      { "x": 1, "y": 4, "part": "wing_mirror" },
      { "x": 2, "y": -1, "part": "xlframe_nw" },
      { "x": 2, "y": -1, "part": "xlhalfboard_nw" },
      { "x": 2, "y": -1, "parts": [ "wheel_mount_medium_steerable", "wheel_wide" ] },
      { "x": 2, "y": 0, "part": "xlframe_horizontal_2" },
      { "x": 2, "y": 0, "part": "xlhalfboard_horizontal_2" },
      { "x": 2, "y": 0, "part": "headlight" },
      { "x": 2, "y": 1, "part": "xlframe_cover" },
      { "x": 2, "y": 1, "part": "xlhalfboard_horizontal_2" },
      { "x": 2, "y": 1, "part": "engine_electric_large" },
      { "x": 2, "y": 2, "part": "xlframe_horizontal_2" },
      { "x": 2, "y": 2, "part": "xlhalfboard_horizontal_2" },
      { "x": 2, "y": 2, "part": "headlight" },
      { "x": 2, "y": 3, "part": "xlframe_ne" },
      { "x": 2, "y": 3, "part": "xlhalfboard_ne" },
      { "x": 2, "y": 3, "parts": [ "wheel_mount_medium_steerable", "wheel_wide" ] },
      { "x": -1, "y": -1, "part": "xlframe_vertical" },
      { "x": -1, "y": -1, "part": "board_vertical" },
      { "x": -1, "y": 0, "part": "xlframe_horizontal_2" },
      { "x": -1, "y": 0, "part": "stowboard_horizontal" },
      { "x": -1, "y": 0, "part": "roof" },
      { "x": -1, "y": 0, "part": "solar_panel" },
      { "x": -1, "y": 1, "part": "xlframe_vertical_2" },
      { "x": -1, "y": 1, "part": "aisle_vertical" },
      { "x": -1, "y": 1, "part": "roof" },
      { "x": -1, "y": 2, "part": "xlframe_horizontal_2" },
      { "x": -1, "y": 2, "part": "seat" },
      { "x": -1, "y": 2, "part": "roof" },
      { "x": -1, "y": 2, "part": "solar_panel" },
      { "x": -1, "y": 3, "part": "xlframe_vertical" },
      { "x": -1, "y": 3, "part": "windshield" },
      { "x": -2, "y": -1, "part": "xlframe_vertical" },
      { "x": -2, "y": -1, "part": "windshield" },
      { "x": -2, "y": 0, "part": "xlframe_horizontal_2" },
      { "x": -2, "y": 0, "part": "seat" },
      { "x": -2, "y": 0, "part": "roof" },
      { "x": -2, "y": 0, "part": "solar_panel" },
      { "x": -2, "y": 1, "part": "xlframe_vertical_2" },
      { "x": -2, "y": 1, "part": "trunk_floor" },
      { "x": -2, "y": 1, "part": "roof" },
      { "x": -2, "y": 2, "part": "xlframe_horizontal_2" },
      { "x": -2, "y": 2, "part": "seat" },
      { "x": -2, "y": 2, "part": "roof" },
      { "x": -2, "y": 2, "part": "solar_panel" },
      { "x": -2, "y": 3, "part": "xlframe_vertical" },
      { "x": -2, "y": 3, "part": "windshield" },
      { "x": -3, "y": -1, "part": "xlframe_vertical" },
      { "x": -3, "y": -1, "part": "windshield" },
      { "x": -3, "y": 0, "part": "xlframe_horizontal_2" },
      { "x": -3, "y": 0, "part": "seat" },
      { "x": -3, "y": 0, "part": "roof" },
      { "x": -3, "y": 0, "part": "solar_panel" },
      { "x": -3, "y": 1, "part": "xlframe_vertical_2" },
      { "x": -3, "y": 1, "part": "aisle_vertical" },
      { "x": -3, "y": 1, "part": "roof" },
      { "x": -3, "y": 2, "part": "xlframe_horizontal_2" },
      { "x": -3, "y": 2, "part": "seat" },
      { "x": -3, "y": 2, "part": "roof" },
      { "x": -3, "y": 2, "part": "solar_panel" },
      { "x": -3, "y": 3, "part": "xlframe_vertical" },
      { "x": -3, "y": 3, "part": "windshield" },
      { "x": -4, "y": -1, "part": "xlframe_vertical" },
      { "x": -4, "y": -1, "part": "windshield" },
      { "x": -4, "y": 0, "part": "xlframe_horizontal_2" },
      { "x": -4, "y": 0, "part": "seat" },
      { "x": -4, "y": 0, "part": "roof" },
      { "x": -4, "y": 0, "part": "solar_panel" },
      { "x": -4, "y": 1, "part": "xlframe_vertical_2" },
      { "x": -4, "y": 1, "part": "aisle_vertical" },
      { "x": -4, "y": 1, "part": "roof" },
      { "x": -4, "y": 2, "part": "xlframe_horizontal_2" },
      { "x": -4, "y": 2, "part": "seat" },
      { "x": -4, "y": 2, "part": "roof" },
      { "x": -4, "y": 2, "part": "solar_panel" },
      { "x": -4, "y": 3, "part": "xlframe_vertical" },
      { "x": -4, "y": 3, "part": "windshield" },
      { "x": -5, "y": -1, "part": "xlframe_vertical" },
      { "x": -5, "y": -1, "part": "windshield" },
      { "x": -5, "y": 0, "part": "xlframe_horizontal_2" },
      { "x": -5, "y": 0, "part": "seat" },
      { "x": -5, "y": 0, "part": "roof" },
      { "x": -5, "y": 0, "part": "solar_panel" },
      { "x": -5, "y": 1, "part": "xlframe_vertical_2" },
      { "x": -5, "y": 1, "part": "aisle_vertical" },
      { "x": -5, "y": 1, "part": "roof" },
      { "x": -5, "y": 2, "part": "xlframe_horizontal_2" },
      { "x": -5, "y": 2, "part": "seat" },
      { "x": -5, "y": 2, "part": "roof" },
      { "x": -5, "y": 2, "part": "solar_panel" },
      { "x": -5, "y": 3, "part": "xlframe_vertical" },
      { "x": -5, "y": 3, "part": "windshield" },
      { "x": -6, "y": -1, "part": "xlframe_horizontal" },
      { "x": -6, "y": -1, "parts": [ "wheel_mount_medium", "wheel_wide" ] },
      { "x": -6, "y": -1, "part": "windshield" },
      { "x": -6, "y": 0, "part": "xlframe_horizontal_2" },
      { "x": -6, "y": 0, "part": "seat" },
      { "x": -6, "y": 0, "part": "roof" },
      { "x": -6, "y": 0, "part": "solar_panel" },
      { "x": -6, "y": 1, "part": "xlframe_vertical_2" },
      { "x": -6, "y": 1, "part": "aisle_vertical" },
      { "x": -6, "y": 1, "part": "roof" },
      { "x": -6, "y": 2, "part": "xlframe_horizontal_2" },
      { "x": -6, "y": 2, "part": "seat" },
      { "x": -6, "y": 2, "part": "solar_panel" },
      { "x": -6, "y": 2, "part": "roof" },
      { "x": -6, "y": 3, "part": "xlframe_horizontal" },
      { "x": -6, "y": 3, "parts": [ "wheel_mount_medium", "wheel_wide" ] },
      { "x": -6, "y": 3, "part": "windshield" },
      { "x": -7, "y": -1, "part": "xlframe_vertical" },
      { "x": -7, "y": -1, "part": "windshield" },
      { "x": -7, "y": 0, "part": "xlframe_horizontal_2" },
      { "x": -7, "y": 0, "part": "seat" },
      { "x": -7, "y": 0, "part": "roof" },
      { "x": -7, "y": 0, "part": "solar_panel" },
      { "x": -7, "y": 1, "part": "xlframe_vertical_2" },
      { "x": -7, "y": 1, "part": "aisle_vertical" },
      { "x": -7, "y": 1, "part": "roof" },
      { "x": -7, "y": 2, "part": "xlframe_horizontal_2" },
      { "x": -7, "y": 2, "part": "aisle_vertical" },
      { "x": -7, "y": 2, "part": "roof" },
      { "x": -7, "y": 2, "part": "solar_panel" },
      { "x": -7, "y": 3, "part": "xlframe_vertical" },
      { "x": -7, "y": 3, "part": "door" },
      { "x": -8, "y": -1, "part": "xlframe_vertical" },
      { "x": -8, "y": -1, "part": "windshield" },
      { "x": -8, "y": 0, "part": "xlframe_horizontal_2" },
      { "x": -8, "y": 0, "part": "seat" },
      { "x": -8, "y": 0, "part": "roof" },
      { "x": -8, "y": 0, "part": "solar_panel" },
      { "x": -8, "y": 1, "part": "xlframe_vertical_2" },
      { "x": -8, "y": 1, "part": "trunk_floor" },
      { "x": -8, "y": 1, "part": "roof" },
      { "x": -8, "y": 2, "part": "xlframe_horizontal_2" },
      { "x": -8, "y": 2, "part": "seat" },
      { "x": -8, "y": 2, "part": "roof" },
      { "x": -8, "y": 2, "part": "solar_panel" },
      { "x": -8, "y": 3, "part": "xlframe_vertical" },
      { "x": -8, "y": 3, "part": "windshield" },
      { "x": -9, "y": -1, "part": "xlframe_vertical" },
      { "x": -9, "y": -1, "part": "windshield" },
      { "x": -9, "y": 0, "part": "xlframe_horizontal_2" },
      { "x": -9, "y": 0, "part": "seat" },
      { "x": -9, "y": 0, "part": "roof" },
      { "x": -9, "y": 0, "part": "solar_panel" },
      { "x": -9, "y": 1, "part": "xlframe_vertical_2" },
      { "x": -9, "y": 1, "part": "aisle_vertical" },
      { "x": -9, "y": 1, "part": "roof" },
      { "x": -9, "y": 2, "part": "xlframe_horizontal_2" },
      { "x": -9, "y": 2, "part": "seat" },
      { "x": -9, "y": 2, "part": "roof" },
      { "x": -9, "y": 2, "part": "solar_panel" },
      { "x": -9, "y": 3, "part": "xlframe_vertical" },
      { "x": -9, "y": 3, "part": "windshield" },
      { "x": -10, "y": -1, "part": "xlframe_vertical" },
      { "x": -10, "y": -1, "part": "windshield" },
      { "x": -10, "y": 0, "part": "xlframe_horizontal_2" },
      { "x": -10, "y": 0, "part": "seat" },
      { "x": -10, "y": 0, "part": "roof" },
      { "x": -10, "y": 0, "part": "solar_panel" },
      { "x": -10, "y": 1, "part": "xlframe_vertical_2" },
      { "x": -10, "y": 1, "part": "seat" },
      { "x": -10, "y": 1, "part": "roof" },
      { "x": -10, "y": 2, "part": "xlframe_horizontal_2" },
      { "x": -10, "y": 2, "part": "seat" },
      { "x": -10, "y": 2, "part": "roof" },
      { "x": -10, "y": 2, "part": "solar_panel" },
      { "x": -10, "y": 3, "part": "xlframe_vertical" },
      { "x": -10, "y": 3, "part": "windshield" },
      { "x": -11, "y": -1, "part": "xlframe_horizontal" },
      { "x": -11, "y": -1, "part": "board_sw" },
      { "x": -11, "y": 0, "part": "xlframe_horizontal" },
      { "x": -11, "y": 0, "part": "windshield" },
      { "x": -11, "y": 1, "part": "xlframe_vertical" },
      { "x": -11, "y": 1, "part": "windshield" },
      { "x": -11, "y": 2, "part": "xlframe_horizontal" },
      { "x": -11, "y": 2, "part": "windshield" },
      { "x": -11, "y": 3, "part": "xlframe_horizontal" },
      { "x": -11, "y": 3, "part": "beeper" },
      { "x": -11, "y": 3, "part": "board_se" }
    ],
    "items": [
      { "x": -1, "y": 2, "chance": 35, "item_groups": [ "bus_common" ] },
      { "x": -2, "y": 0, "chance": 35, "item_groups": [ "bus_common" ] },
      { "x": -2, "y": 2, "chance": 35, "item_groups": [ "bus_common" ] },
      { "x": -3, "y": 0, "chance": 35, "item_groups": [ "bus_common" ] },
      { "x": -3, "y": 2, "chance": 35, "item_groups": [ "bus_common" ] },
      { "x": -4, "y": 0, "chance": 35, "item_groups": [ "bus_common" ] },
      { "x": -4, "y": 2, "chance": 35, "item_groups": [ "bus_common" ] },
      { "x": -5, "y": 0, "chance": 35, "item_groups": [ "bus_common" ] },
      { "x": -5, "y": 2, "chance": 35, "item_groups": [ "bus_common" ] },
      { "x": -6, "y": 0, "chance": 35, "item_groups": [ "bus_common" ] },
      { "x": -6, "y": 2, "chance": 35, "item_groups": [ "bus_common" ] },
      { "x": -7, "y": 0, "chance": 35, "item_groups": [ "bus_common" ] },
      { "x": -8, "y": 0, "chance": 35, "item_groups": [ "bus_common" ] },
      { "x": -8, "y": 2, "chance": 35, "item_groups": [ "bus_common" ] },
      { "x": -9, "y": 0, "chance": 35, "item_groups": [ "bus_common" ] },
      { "x": -9, "y": 2, "chance": 35, "item_groups": [ "bus_common" ] },
      { "x": -10, "y": 0, "chance": 35, "item_groups": [ "bus_common" ] },
      { "x": -10, "y": 1, "chance": 35, "item_groups": [ "bus_common" ] },
      { "x": -10, "y": 2, "chance": 35, "item_groups": [ "bus_common" ] }
    ]
  },
{
    "id": "mounted_narrenkanone",
    "copy-from": "turret",
    "type": "vehicle_part",
    "name": { "str": "Narrenkanone" },
    "item": "Narrenkanone",
    "color": "cyan",
    "broken_color": "cyan",
    "looks_like": "tow_launcher",
    "breaks_into": [ { "item": "scrap", "count": 55 }, { "item": "steel_chunk", "count": 8 }, { "item": "steel_lump", "count": 5 } ],
    "requirements": { "install": { "skills": [ [ "mechanics", 2 ], [ "launcher", 3 ] ] }, "removal": { "skills": [ [ "mechanics", 2 ], [ "launcher", 3 ] ] } }
  },
{
    "id": "mounted_makeshiftmicromissilelauncher",
    "copy-from": "turret",
    "type": "vehicle_part",
    "name": { "str": "Makeshift Micromissile rack" },
    "item": "makeshiftmicromissilelauncher",
    "color": "cyan",
    "broken_color": "cyan",
    "looks_like": "tow_launcher",
    "breaks_into": [ { "item": "scrap", "count": 55 }, { "item": "steel_chunk", "count": 8 }, { "item": "steel_lump", "count": 5 } ],
    "requirements": { "install": { "skills": [ [ "mechanics", 2 ], [ "launcher", 3 ] ] }, "removal": { "skills": [ [ "mechanics", 2 ], [ "launcher", 3 ] ] } }
  },
{
    "id": "mounted_micromissilelauncher",
    "copy-from": "turret",
    "type": "vehicle_part",
    "name": { "str": "THG-Hotbox Micromissile pod" },
    "item": "micromissilelauncher",
    "color": "cyan",
    "broken_color": "cyan",
    "looks_like": "mounted_m134",
    "breaks_into": [ { "item": "scrap", "count": 85 }, { "item": "steel_chunk", "count": 8 }, { "item": "steel_lump", "count": 5 } ],
    "requirements": { "install": { "skills": [ [ "mechanics", 3 ], [ "launcher", 5 ] ] }, "removal": { "skills": [ [ "mechanics", 3 ], [ "launcher", 5 ] ] } }
  },
  {
    "id": "electricquad_bike",
    "type": "vehicle",
    "name": "Solar Electric Quad Bike",
    "blueprint": [
      [ "O O" ],
      [ "=#>" ],
      [ "O O" ]
    ],
    "parts": [
      { "x": 0, "y": 0, "parts": [ "xlframe_vertical_2", "saddle_motor", "controls", "controls_electronic", "horn_car" ] },
      { "x": 1, "y": 0, "parts": [ "xlframe_cover", "engine_mediumelectric"] },
      { "x": 1, "y": 0, "parts": [ "headlight", "plating_steel" ] },
      { "x": -1, "y": 0, "parts": [ "xlframe_horizontal", "trunk" , "medium_storage_battery" ] },
      { "x": 1, "y": 1, "parts": [ "xlframe_horizontal", "wheel_mount_light_steerable", "wheel_motorbike_or" ] },
      { "x": 1, "y": -1, "parts": [ "xlframe_horizontal", "wheel_mount_light_steerable", "wheel_motorbike_or" ] },
      { "x": -1, "y": -1, "parts": [ "xlframe_horizontal", "wheel_mount_light", "wheel_motorbike_or_rear", "solar_panel" ] },
      { "x": -1, "y": 1, "parts": [ "xlframe_horizontal", "wheel_mount_light", "wheel_motorbike_or_rear", "solar_panel" ] }
    ],
    "items": [ { "x": -1, "y": 0, "chance": 40, "items": [ "helmet_motor" ] } ]
  },
  {
    "id": "electric_motorbike_sidecar",
    "type": "vehicle",
    "name": "Solar Electric Moped",
    "blueprint": [
      [ "o#>o" ],
      [ " #> " ]
    ],
    "parts": [
      { "x": 0, "y": 0, "parts": [ "frame_vertical_2", "saddle_motor" ] },
      { "x": 1, "y": 0, "parts": [ "frame_handle" ] },
      { "x": -1, "y": 0, "parts": [ "frame_vertical", "wheel_mount_light", "wheel_motorbike_rear" ] },
      { "x": 0, "y": 0, "parts": [ "controls", "controls_electronic", "vehicle_alarm" ] },
      { "x": 0, "y": 0, "parts": [ "engine_electric" ] },
      { "x": 1, "y": 0, "parts": [ "headlight", "medium_storage_battery", "wheel_mount_light_steerable", "wheel_motorbike" ] },
      { "x": -1, "y": 0, "parts": [ "box" ] },
      { "x": 0, "y": 1, "parts": [ "xlframe_cross", "wheel_mount_light", "wheel_motorbike", "seat" ] },
      { "x": 1, "y": 1, "parts": [ "xlframe_cross", "solar_panel_v2", "halfboard_horizontal_front" ] }
    ],
    "items": [
      { "x": -1, "y": 0, "chance": 2, "items": [ "joint" ] },
      { "x": -1, "y": 0, "chance": 20, "items": [ "helmet_motor" ] },
      { "x": 0, "y": 1, "chance": 35, "items": [ "helmet_ball" ] }
    ]
  },
  {
    "id": "electric_motorbike",
    "type": "vehicle",
    "name": "Solar Electric Moped",
    "blueprint": [
      [ "o#>o" ],
      [ " #> " ]
    ],
    "parts": [
      { "x": 0, "y": 0, "parts": [ "frame_vertical_2", "saddle_motor" ] },
      { "x": 1, "y": 0, "parts": [ "frame_handle" ] },
      { "x": -1, "y": 0, "parts": [ "frame_vertical", "wheel_mount_light", "wheel_motorbike_rear" ] },
      { "x": 0, "y": 0, "parts": [ "controls", "controls_electronic", "vehicle_alarm" ] },
      { "x": 0, "y": 0, "parts": [ "engine_electric" ] },
      { "x": 1, "y": 0, "parts": [ "headlight", "medium_storage_battery", "wheel_mount_light_steerable", "wheel_motorbike" ] },
      { "x": -1, "y": 0, "parts": [ "box", "solar_panel" ] }
    ],
    "items": [
      { "x": -1, "y": 0, "chance": 2, "items": [ "joint" ] },
      { "x": -1, "y": 0, "chance": 45, "items": [ "helmet_ball" ] }
    ]
  },
  {
    "id": "electriccar_mini",
    "type": "vehicle",
    "name": "Solar Electric Minicoup",
    "blueprint": [
      [ "o+-o" ],
      [ "+#'|" ],
      [ "+#'|" ],
      [ "o+-o" ]
    ],
    "parts": [
      { "x": 0, "y": 0, "part": "xlframe_vertical_2" },
      { "x": 0, "y": 0, "part": "seat" },
      { "x": 0, "y": 0, "part": "solar_panel_v2" },
      { "x": 0, "y": 0, "part": "seatbelt" },
      { "x": 0, "y": 0, "part": "controls" },
      { "x": 0, "y": 0, "part": "dashboard" },
      { "x": 0, "y": 0, "part": "vehicle_clock" },
      { "x": 0, "y": 0, "part": "vehicle_alarm" },
      { "x": 0, "y": 0, "part": "horn_car" },
      { "x": 0, "y": 0, "part": "roof" },
      { "x": 0, "y": 1, "part": "xlframe_vertical_2" },
      { "x": 0, "y": 1, "part": "seat" },
      { "x": 0, "y": 1, "part": "solar_panel_v2" },
      { "x": 0, "y": 1, "part": "seatbelt" },
      { "x": 0, "y": 1, "part": "roof" },
      { "x": 0, "y": -1, "part": "xlframe_vertical" },
      { "x": 0, "y": -1, "part": "door_rear_left" },
      { "x": 0, "y": 2, "part": "xlframe_vertical" },
      { "x": 0, "y": 2, "part": "door_rear_right" },
      { "x": 1, "y": 0, "part": "xlframe_horizontal" },
      { "x": 1, "y": 0, "part": "windshield_horizontal_front" },
      { "x": 1, "y": 1, "part": "xlframe_horizontal" },
      { "x": 1, "y": 1, "part": "windshield_horizontal_front" },
      { "x": 1, "y": -1, "part": "xlframe_vertical" },
      { "x": 1, "y": -1, "part": "windshield_nw" },
      { "x": 1, "y": 2, "part": "xlframe_vertical" },
      { "x": 1, "y": 2, "part": "windshield_ne" },
      { "x": 2, "y": 0, "part": "xlframe_horizontal" },
      { "x": 2, "y": 0, "part": "xlhalfboard_horizontal_front" },
      { "x": 2, "y": 0, "part": "engine_mediumelectric" },
      { "x": 2, "y": 1, "part": "xlframe_horizontal" },
      { "x": 2, "y": 1, "part": "storage_battery" },
      { "x": 2, "y": 1, "part": "xlhalfboard_horizontal_front" },
      { "x": 2, "y": -1, "part": "xlframe_nw" },
      { "x": 2, "y": -1, "part": "xlhalfboard_nw" },
      { "x": 2, "y": -1, "parts": [ "wheel_mount_medium_steerable", "wheel_wide" ] },
      { "x": 2, "y": -1, "part": "headlight" },
      { "x": 2, "y": 2, "part": "xlframe_ne" },
      { "x": 2, "y": 2, "part": "xlhalfboard_ne" },
      { "x": 2, "y": 2, "parts": [ "wheel_mount_medium_steerable", "wheel_wide" ] },
      { "x": 2, "y": 2, "part": "headlight" },
      { "x": -1, "y": -1, "part": "xlframe_horizontal" },
      { "x": -1, "y": -1, "part": "tank_small", "fuel": "gasoline" },
      { "x": -1, "y": -1, "part": "xlhalfboard_sw" },
      { "x": -1, "y": -1, "parts": [ "wheel_mount_medium", "wheel_wide" ] },
      { "x": -1, "y": 0, "part": "xlframe_horizontal" },
      { "x": -1, "y": 0, "part": "hatch" },
      { "x": -1, "y": 0, "part": "muffler" },
      { "x": -1, "y": 1, "part": "xlframe_horizontal" },
      { "x": -1, "y": 1, "part": "hatch" },
      { "x": -1, "y": 2, "part": "xlframe_horizontal" },
      { "x": -1, "y": 2, "part": "tank_small", "fuel": "gasoline" },
      { "x": -1, "y": 2, "part": "xlhalfboard_se" },
      { "x": -1, "y": 2, "parts": [ "wheel_mount_medium", "wheel_wide" ] }
    ],
    "items": [
      { "x": 0, "y": 0, "chance": 5, "item_groups": [ "car_misc" ] },
      { "x": -1, "y": 0, "chance": 5, "items": [ "mag_glam" ] }
    ]
  },
  {
    "id": "aircraft_fuel_trailer",
    "type": "vehicle",
    "name": "Aircraft Refueling Trailer",
    "blueprint": [
      [ "--OO------" ],
      [ "||OO||||||" ],
      [ "+|++|=|++|" ],
      [ "+|++|=|++|" ],
      [ "||OO||||||" ],
      [ "--OO------" ]
    ],
    "parts": [
      { "x": 0, "y": 0, "part": "hdframe_vertical_2" },
      { "x": 0, "y": 0, "part": "tank_55gal_drum", "fuel": "jp8" },
      { "x": 0, "y": 0, "part": "roof" },
      { "x": 0, "y": -1, "part": "hdframe_vertical_2" },
      { "x": 0, "y": -1, "part": "tank_55gal_drum", "fuel": "jp8" },
      { "x": 0, "y": -1, "part": "roof" },
      { "x": 0, "y": 1, "part": "hdframe_horizontal" },
      { "x": 0, "y": 1, "part": "tank_55gal_drum", "fuel": "jp8" },
      { "x": 0, "y": 1, "part": "roof" },
      { "x": 0, "y": -2, "part": "hdframe_horizontal" },
      { "x": 0, "y": -2, "part": "tank_55gal_drum", "fuel": "jp8" },
      { "x": 0, "y": -2, "part": "roof" },
      { "x": 0, "y": 2, "part": "hdframe_vertical" },
      { "x": 0, "y": 2, "part": "board_vertical" },
      { "x": 0, "y": -3, "part": "hdframe_vertical" },
      { "x": 0, "y": -3, "part": "board_vertical" },
      { "x": 1, "y": 0, "part": "hdframe_horizontal" },
      { "x": 1, "y": 0, "part": "tank_55gal_drum", "fuel": "jp8" },
      { "x": 1, "y": 0, "part": "roof" },
      { "x": 1, "y": -1, "part": "hdframe_horizontal" },
      { "x": 1, "y": -1, "part": "tank_55gal_drum", "fuel": "jp8" },
      { "x": 1, "y": -1, "part": "roof" },
      { "x": 1, "y": 1, "part": "hdframe_horizontal" },
      { "x": 1, "y": 1, "part": "tank_55gal_drum", "fuel": "jp8" },
      { "x": 1, "y": 1, "part": "roof" },
      { "x": 1, "y": -2, "part": "hdframe_horizontal" },
      { "x": 1, "y": -2, "part": "tank_55gal_drum", "fuel": "jp8" },
      { "x": 1, "y": -2, "part": "roof" },
      { "x": 1, "y": 2, "part": "hdframe_vertical" },
      { "x": 1, "y": 2, "part": "board_vertical" },
      { "x": 1, "y": -3, "part": "hdframe_vertical" },
      { "x": 1, "y": -3, "part": "board_vertical" },
      { "x": -1, "y": 0, "part": "hdframe_cross" },
      { "x": -1, "y": 0, "part": "tank_55gal_drum", "fuel": "jp8" },
      { "x": -1, "y": 0, "part": "roof" },
      { "x": -1, "y": -1, "part": "hdframe_cross" },
      { "x": -1, "y": -1, "part": "tank_55gal_drum", "fuel": "jp8" },
      { "x": -1, "y": -1, "part": "roof" },
      { "x": -1, "y": 1, "part": "hdframe_horizontal" },
      { "x": -1, "y": 1, "parts": [ "wheel_mount_medium", "wheel_wide" ] },
      { "x": -1, "y": 1, "part": "tank_55gal_drum", "fuel": "jp8" },
      { "x": -1, "y": 1, "part": "roof" },
      { "x": -1, "y": -2, "part": "hdframe_horizontal" },
      { "x": -1, "y": -2, "parts": [ "wheel_mount_medium", "wheel_wide" ] },
      { "x": -1, "y": -2, "part": "tank_55gal_drum", "fuel": "jp8" },
      { "x": -1, "y": -2, "part": "roof" },
      { "x": -1, "y": 2, "part": "hdframe_horizontal" },
      { "x": -1, "y": 2, "part": "board_vertical" },
      { "x": -1, "y": 2, "parts": [ "wheel_mount_medium", "wheel_wide" ] },
      { "x": -1, "y": -3, "part": "hdframe_horizontal" },
      { "x": -1, "y": -3, "part": "board_vertical" },
      { "x": -1, "y": -3, "parts": [ "wheel_mount_medium", "wheel_wide" ] },
      { "x": 2, "y": 0, "part": "hdframe_horizontal" },
      { "x": 2, "y": 0, "part": "tank_55gal_drum", "fuel": "jp8" },
      { "x": 2, "y": 0, "part": "roof" },
      { "x": 2, "y": -1, "part": "hdframe_horizontal" },
      { "x": 2, "y": -1, "part": "tank_55gal_drum", "fuel": "jp8" },
      { "x": 2, "y": -1, "part": "roof" },
      { "x": 2, "y": 1, "part": "hdframe_horizontal" },
      { "x": 2, "y": 1, "part": "tank_55gal_drum", "fuel": "jp8" },
      { "x": 2, "y": 1, "part": "roof" },
      { "x": 2, "y": -2, "part": "hdframe_horizontal" },
      { "x": 2, "y": -2, "part": "tank_55gal_drum", "fuel": "jp8" },
      { "x": 2, "y": -2, "part": "roof" },
      { "x": 2, "y": 2, "part": "hdframe_vertical" },
      { "x": 2, "y": 2, "part": "board_vertical" },
      { "x": 2, "y": -3, "part": "hdframe_vertical" },
      { "x": 2, "y": -3, "part": "board_vertical" },
      { "x": -2, "y": 0, "part": "hdframe_cross" },
      { "x": -2, "y": 0, "part": "tank_55gal_drum", "fuel": "jp8" },
      { "x": -2, "y": 0, "part": "roof" },
      { "x": -2, "y": -1, "part": "hdframe_cross" },
      { "x": -2, "y": -1, "part": "tank_55gal_drum", "fuel": "jp8" },
      { "x": -2, "y": -1, "part": "roof" },
      { "x": -2, "y": 1, "part": "hdframe_horizontal" },
      { "x": -2, "y": 1, "parts": [ "wheel_mount_medium", "wheel_wide" ] },
      { "x": -2, "y": 1, "part": "tank_55gal_drum", "fuel": "jp8" },
      { "x": -2, "y": 1, "part": "roof" },
      { "x": -2, "y": -2, "part": "hdframe_horizontal" },
      { "x": -2, "y": -2, "parts": [ "wheel_mount_medium", "wheel_wide" ] },
      { "x": -2, "y": -2, "part": "tank_55gal_drum", "fuel": "jp8" },
      { "x": -2, "y": -2, "part": "roof" },
      { "x": -2, "y": 2, "part": "hdframe_horizontal" },
      { "x": -2, "y": 2, "part": "board_vertical" },
      { "x": -2, "y": 2, "parts": [ "wheel_mount_medium", "wheel_wide" ] },
      { "x": -2, "y": -3, "part": "hdframe_horizontal" },
      { "x": -2, "y": -3, "part": "board_vertical" },
      { "x": -2, "y": -3, "parts": [ "wheel_mount_medium", "wheel_wide" ] },
      { "x": 3, "y": 0, "part": "hdframe_horizontal" },
      { "x": 3, "y": 0, "part": "tank_55gal_drum", "fuel": "jp8" },
      { "x": 3, "y": 0, "part": "roof" },
      { "x": 3, "y": -1, "part": "hdframe_horizontal" },
      { "x": 3, "y": -1, "part": "tank_55gal_drum", "fuel": "jp8" },
      { "x": 3, "y": -1, "part": "roof" },
      { "x": 3, "y": 1, "part": "hdframe_horizontal" },
      { "x": 3, "y": 1, "part": "tank_55gal_drum", "fuel": "jp8" },
      { "x": 3, "y": 1, "part": "roof" },
      { "x": 3, "y": -2, "part": "hdframe_horizontal" },
      { "x": 3, "y": -2, "part": "tank_55gal_drum", "fuel": "jp8" },
      { "x": 3, "y": -2, "part": "roof" },
      { "x": 3, "y": 2, "part": "hdframe_vertical" },
      { "x": 3, "y": 2, "part": "board_vertical" },
      { "x": 3, "y": -3, "part": "hdframe_vertical" },
      { "x": 3, "y": -3, "part": "board_vertical" },
      { "x": 4, "y": 0, "part": "hdframe_horizontal" },
      { "x": 4, "y": 0, "part": "board_horizontal" },
      { "x": 4, "y": -1, "part": "hdframe_horizontal" },
      { "x": 4, "y": -1, "part": "board_horizontal" },
      { "x": 4, "y": 1, "part": "hdframe_horizontal" },
      { "x": 4, "y": 1, "part": "board_horizontal" },
      { "x": 4, "y": -2, "part": "hdframe_horizontal" },
      { "x": 4, "y": -2, "part": "board_horizontal" },
      { "x": 4, "y": 2, "part": "hdframe_ne" },
      { "x": 4, "y": 2, "part": "board_ne" },
      { "x": 4, "y": -3, "part": "hdframe_nw" },
      { "x": 4, "y": -3, "part": "board_nw" }
  ]},
	{
    "id": "militarycar_ProwlerIFV",
    "type": "vehicle",
    "name": "Prowler amphibious IFV",
    "blueprint": [
      [ "O-++-O>" ],
      [ "|H##'|>" ],
      [ "t###'|>" ],
      [ "|H#t'|>" ],
      [ "O-++-O>" ]
    ],
    "parts": [
      { "x": 0, "y": 1, "part": "hdframe_vertical_2" },
      { "x": 0, "y": 1, "part": "seat" },
      { "x": 0, "y": 1, "part": "seatbelt" },
      { "x": 0, "y": 1, "part": "hdroof" },
      { "x": 0, "y": 1, "part": "tank", "fuel": "jp8" },
      { "x": 0, "y": 1, "part": "turret_mount" },
      { "x": 0, "y": 1, "part": "mounted_m240", "ammo": 80, "ammo_qty": [ 10, 125 ] },
      { "x": 0, "y": 0, "part": "hdframe_vertical_2" },
      { "x": 0, "y": 0, "part": "controls" },
      { "x": 0, "y": 0, "part": "dashboard" },
      { "x": 0, "y": 0, "part": "vehicle_clock" },
      { "x": 0, "y": 0, "part": "vehicle_alarm" },
      { "x": 0, "y": 0, "part": "horn_big" },
      { "x": 0, "y": 0, "part": "seat" },
      { "x": 0, "y": 0, "part": "seatbelt" },
      { "x": 0, "y": 0, "part": "hdroof" },
      { "x": 0, "y": 0, "part": "metal_boat_hull" },
      { "x": 0, "y": 0, "part": "tank", "fuel": "jp8" },
      { "x": 0, "y": 2, "part": "hdframe_vertical" },
      { "x": 0, "y": 2, "part": "hdboard_vertical" },
      { "x": 0, "y": 2, "part": "metal_boat_hull" },
      { "x": 0, "y": 2, "part": "plating_steel" },
      { "x": 0, "y": -1, "part": "hdframe_vertical" },
      { "x": 0, "y": -1, "part": "hddoor_left" },
      { "x": 0, "y": -1, "part": "metal_boat_hull" },
      { "x": 0, "y": -1, "part": "plating_steel" },
      { "x": 1, "y": 1, "part": "hdframe_horizontal" },
      { "x": 1, "y": 1, "part": "reinforced_windshield" },
      { "x": 1, "y": 1, "part": "metal_boat_hull" },
      { "x": 1, "y": 2, "part": "hdframe_vertical" },
      { "x": 1, "y": 2, "part": "hdboard_ne" },
      { "x": 1, "y": 2, "part": "metal_boat_hull" },
      { "x": 1, "y": 0, "part": "hdframe_horizontal" },
      { "x": 1, "y": 0, "part": "reinforced_windshield" },
      { "x": 1, "y": 0, "part": "metal_boat_hull" },
      { "x": 1, "y": -1, "part": "hdframe_vertical" },
      { "x": 1, "y": -1, "part": "hdboard_nw" },
      { "x": 1, "y": -1, "part": "metal_boat_hull" },
      { "x": 2, "y": 1, "part": "hdframe_horizontal" },
      { "x": 2, "y": 1, "part": "hdhalfboard_horizontal" },
      { "y": 0, "x": 1, "parts": [ "diesel_engine_v6", "battery_car", "alternator_truck", "plating_military" ] },
      { "x": 2, "y": 1, "part": "headlight_reinforced" },
      { "x": 2, "y": 1, "part": "metal_boat_hull" },
      { "x": 2, "y": 2, "part": "hdframe_ne" },
      { "x": 2, "y": 2, "part": "hdhalfboard_ne" },
      { "x": 2, "y": 2, "part": "plating_steel" },
      { "x": 2, "y": 2, "parts": [ "wheel_mount_heavy_steerable", "wheel_armor" ] },
      { "x": 2, "y": 0, "part": "hdframe_horizontal" },
      { "x": 2, "y": 0, "part": "hdhalfboard_horizontal" },
      { "x": 2, "y": 0, "part": "plating_steel" },
      { "x": 2, "y": 0, "part": "headlight_reinforced" },
      { "x": 2, "y": 0, "part": "metal_boat_hull" },
      { "x": 2, "y": -1, "part": "hdframe_nw" },
      { "x": 2, "y": -1, "part": "hdhalfboard_nw" },
      { "x": 2, "y": -1, "part": "plating_steel" },
      { "x": 2, "y": -1, "parts": [ "wheel_mount_heavy_steerable", "wheel_armor" ] },
      { "x": 3, "y": 2, "parts": [ "hdframe_horizontal", "plating_military" ] },
      { "x": 3, "y": 1, "parts": [ "hdframe_horizontal_2", "plating_military" ] },
      { "x": 3, "y": 0, "parts": [ "hdframe_horizontal_2", "plating_military" ] },
      { "x": 3, "y": -1, "parts": [ "hdframe_horizontal", "plating_military" ] },
      { "x": -1, "y": 1, "part": "hdframe_horizontal_2" },
      { "x": -1, "y": 1, "part": "seat" },
      { "x": -1, "y": 1, "part": "seatbelt" },
      { "x": -1, "y": 1, "part": "hdroof" },
      { "x": -1, "y": 2, "part": "hdframe_vertical" },
      { "x": -1, "y": 2, "part": "hdstowboard_vertical" },
      { "x": -1, "y": 2, "part": "metal_boat_hull" },
      { "x": -1, "y": 2, "part": "plating_steel" },
      { "x": -1, "y": 0, "part": "hdframe_horizontal_2" },
      { "x": -1, "y": 0, "part": "seat" },
      { "x": -1, "y": 0, "part": "seatbelt" },
      { "x": -1, "y": 0, "part": "hdroof" },
      { "x": -1, "y": 0, "part": "metal_boat_hull" },
      { "x": -1, "y": -1, "part": "hdframe_vertical" },
      { "x": -1, "y": -1, "part": "hdstowboard_vertical" },
      { "x": -1, "y": -1, "part": "metal_boat_hull" },
      { "x": -1, "y": -1, "part": "plating_steel" },
      { "x": -2, "y": 1, "part": "hdframe_horizontal_2" },
      { "x": -2, "y": 1, "part": "seat" },
      { "x": -2, "y": 1, "part": "metal_boat_hull" },
      { "x": -2, "y": 1, "part": "seatbelt" },
      { "x": -2, "y": 1, "part": "hdroof" },
      { "x": -2, "y": 2, "part": "hdframe_vertical" },
      { "x": -2, "y": 2, "part": "hdstowboard_vertical" },
      { "x": -2, "y": 2, "parts": [ "metal_boat_hull" ] },
      { "x": -2, "y": 2, "part": "plating_steel" },
      { "x": -2, "y": 0, "part": "hdframe_horizontal_2" },
      { "x": -2, "y": 0, "part": "seat" },
      { "x": -2, "y": 0, "part": "seatbelt" },
      { "x": -2, "y": 0, "part": "metal_boat_hull" },
      { "x": -2, "y": 0, "part": "hdroof" },
      { "x": -2, "y": -1, "part": "hdframe_vertical" },
      { "x": -2, "y": -1, "part": "hdstowboard_vertical" },
      { "x": -2, "y": -1, "part": "hdroof" },
      { "x": -2, "y": -1, "parts": [ "metal_boat_hull" ] },
      { "x": -2, "y": -1, "part": "plating_steel" },
      { "x": -3, "y": 1, "part": "hdframe_horizontal" },
      { "x": -3, "y": 1, "part": "seat" },
      { "x": -3, "y": 1, "part": "hdroof" },
      { "x": -3, "y": 1, "part": "seatbelt" },
      { "x": -3, "y": 1, "part": "plating_steel" },
      { "x": -3, "y": 1, "part": "metal_boat_hull" },
      { "x": -3, "y": 2, "part": "hdframe_se" },
      { "x": -3, "y": 2, "part": "hdboard_se" },
      { "x": -3, "y": 2, "part": "plating_steel" },
      { "x": -3, "y": 2, "parts": [ "wheel_mount_heavy", "wheel_armor" ] },
      { "x": -3, "y": 0, "part": "hdframe_horizontal" },
      { "x": -3, "y": 0, "part": "seat" },
      { "x": -3, "y": 0, "part": "seatbelt" },
      { "x": -3, "y": 0, "part": "plating_steel" },
      { "x": -3, "y": 0, "part": "metal_boat_hull" },
      { "x": -3, "y": 0, "part": "hdroof" },
      { "x": -3, "y": -1, "part": "hdframe_sw" },
      { "x": -3, "y": -1, "part": "hdboard_sw" },
      { "x": -3, "y": -1, "part": "plating_steel" },
      { "x": -3, "y": -1, "parts": [ "wheel_mount_heavy", "wheel_armor" ] },
      { "x": -4, "y": 1, "part": "hdframe_horizontal" },
      { "x": -4, "y": 1, "part": "hdhatch" },
      { "x": -4, "y": 1, "part": "plating_steel" },
      { "x": -4, "y": 1, "part": "metal_boat_hull" },
      { "x": -4, "y": 2, "part": "hdframe_se" },
      { "x": -4, "y": 2, "part": "hdboard_se" },
      { "x": -4, "y": 2, "part": "plating_steel" },
      { "x": -4, "y": 2, "parts": [ "wheel_mount_heavy", "wheel_armor" ] },
      { "x": -4, "y": 0, "part": "hdframe_horizontal" },
      { "x": -4, "y": 0, "part": "hdhatch" },
      { "x": -4, "y": 0, "part": "plating_steel" },
      { "x": -4, "y": 0, "part": "metal_boat_hull" },
      { "x": -4, "y": 0, "part": "hdroof" },
      { "x": -4, "y": 1, "part": "hdroof" },
      { "x": -4, "y": -1, "part": "hdframe_sw" },
      { "x": -4, "y": -1, "part": "hdboard_sw" },
      { "x": -4, "y": -1, "part": "plating_steel" },
      { "x": -4, "y": -1, "parts": [ "wheel_mount_heavy", "wheel_armor" ] }
    ]
  },
{"id": "militarycar_FerretScoutCar",
    "type": "vehicle",
    "name": "Ferret Scout Car",
    "blueprint": [
      [ "        t     " ],
      [ "       ||     " ],
      [ "--   -=---'+'-" ],
      [ " h------X=#_#'" ],
      [ "--   -=---'+'-" ],
      [ "       ||     " ],
      [ "        t     " ]
    ],
    "parts": [
      {
        "x": 0,
        "y": 0,
        "parts": [ "frame_cross", "seat", "seatbelt_heavyduty", "controls", "dashboard", "roof" ]
      },
      { "x": 0, "y": 1, "parts": [ "hdframe_vertical", "hdboard_vertical","wheel_mount_medium_steerable", "wheel_wide_or", "spring_plate" ] },
      { "x": 0, "y": -1, "parts": [ "hdframe_vertical", "hdboard_vertical","wheel_mount_medium_steerable", "wheel_wide_or", "spring_plate" ] },
      { "x": 1, "y": 0, "parts": [ "hdframe_cross", "hdhatch" ] },
      { "x": 1, "y": 1, "parts": [ "hdframe_vertical", "hdboard_ne" ] },
      { "x": 1, "y": -1, "parts": [ "hdframe_vertical", "hdboard_nw" ] },
      { "x": 2, "y": 0, "parts": [ "hdframe_horizontal_2"] },
      { "x": 2, "y": 1, "parts": [ "hdframe_horizontal_2" ] },
      { "x": 2, "y": -1, "parts": [ "hdframe_horizontal_2"] },
      {
        "x": -1,
        "y": 0,
        "parts": [ "frame_cross", "turret_mount", "seat", "seatbelt_heavyduty", "controls_electronic", "dashboard", "hdroof" ]
      },
      { "x": -1, "y": 1, "parts": [ "hdframe_ne", "hdstowboard_ne" ] },
      { "x": -1, "y": -1, "parts": [ "hdframe_nw", "hdstowboard_nw" ] },
      { "x": -2, "y": 0, "parts": [ "hdframe_vertical", "hdstowboard_horizontal" ] },
      { "x": -2, "y": 1, "parts": [ "hdframe_vertical", "hdstowboard_vertical" ] },
      { "x": -2, "y": -1, "parts": [ "hdframe_vertical", "hdstowboard_vertical" ] },
      { "x":-1, "y": 0, "part": "mounted_browning", "ammo": 70, "ammo_qty": [ 5, 65 ] },
      { "x": -3, "y": 0, "parts": [ "hdframe_vertical", "hdstowboard_horizontal", "engine_v6", "alternator_car", "battery_car" ] },
      { "x": -3, "y": 1, "parts": [ "hdframe_se", "hdstowboard_se", { "fuel": "gasoline", "part": "tank" },"wheel_mount_medium_steerable", "wheel_wide_or", "spring_plate" ] },
      { "x": -3, "y": -1, "parts": [ "hdframe_sw", "hdstowboard_sw", { "fuel": "gasoline", "part": "tank" },"wheel_mount_medium_steerable", "wheel_wide_or", "spring_plate" ] },
      { "x": -4, "y": -1, "parts": [ "mounted_spare_tire" ] }
    ],
    "items": [
      { "x": -1, "y": 0, "chance": 7, "item_groups": [ "drugs_soldier" ] },
      { "x": -1, "y": 0, "chance": 10, "item_groups": [ "drugs_soldier" ] },
      { "x": -1, "y": 0, "chance": 10, "item_groups": [ "MRE", "MRE" ] },
      { "x": -1, "y": 0, "chance": 10, "item_groups": [ "MRE", "MRE" ] },
      { "x": -1, "y": 0, "chance": 5, "item_groups": [ "MRE", "MRE" ] },
      { "x": -1, "y": 0, "chance": 10, "items": [ "canteen" ] },
      { "x": -1, "y": 0, "chance": 10, "item_groups": [ "ammo_light_batteries_full" ] },
      { "x": -1, "y": 0, "chance": 10, "items": [ "mag_fieldrepair" ] },
      { "x": -1, "y": 0, "chance": 15, "items": [ "e_scrap" ] },
      { "x": -1, "y": 0, "chance": 7, "items": [ "screwdriver" ] },
      { "x": -1, "y": 0, "chance": 7, "items": [ "wrench" ] },
      { "x": 0, "y": 0, "chance": 5, "items": [ "screwdriver_set" ] },
      { "x": 0, "y": 0, "chance": 10, "items": [ "knife_combat" ] },
      { "x": 0, "y": 0, "chance": 5, "ammo": 90, "items": [ "ecig" ] }
    ]
  },
{
    "id": "willysjeep",
    "type": "vehicle",
    "name": "muskrat ATV",
    "blueprint": [
      [ "o|o" ],
	  [ "|||" ],
      [ "o|o" ]
    ],
    "parts": [
      { "x": 0, "y": 0, "part": "frame_horizontal" },
      { "x": 0, "y": 0, "part": "seat" },
      { "x": 1, "y": 0, "parts": ["frame_nw", "reinforced_windshield"] },
      { "x": 0, "y": 0, "part": "controls" },
      { "x": 0, "y": 1, "part": "frame_horizontal" },
      { "x": 0, "y": 1, "part": "seat" },
      { "x": 0, "y": 1, "part": "battery_car" },
      { "x": 2, "y": 0, "parts": ["frame_nw", "engine_vtwin", "alternator_motorbike", "hdhalfboard_nw", "spring_plate" ] },
      { "x": 2, "y": 0, "parts": [ "wheel_mount_medium_steerable", "wheel_wide" ] },
      { "x": 1, "y": 1, "parts": ["frame_ne", "reinforced_windshield"] },
      { "x": 2, "y": 1, "part": "frame_ne" },
      { "x": 2, "y": 1, "part": "hdhalfboard_ne" },
      { "x": 2, "y": 1, "parts": [ "wheel_mount_medium_steerable", "wheel_wide", "spring_plate" ] },
      { "x": -1, "y": 0, "part": "frame_sw" },
      { "x": -1, "y": 0, "part": "trunk" },
      { "x": -1, "y": 0, "parts": [ "wheel_mount_medium", "wheel_wide", "spring_plate" ] },
      { "x": -1, "y": 1, "part": "frame_se" },
      { "x": -1, "y": 1, "part": "trunk" },
      { "x": -2, "y": 1, "part": "mounted_spare_tire" },
      { "x": -1, "y": 1, "parts": [ "wheel_mount_medium", "wheel_wide", { "fuel": "gasoline", "part": "tank_medium" }, "spring_plate" ] }
    ],
    "items": [
      { "x": -1, "y": 0, "chance": 25, "//repeat": 2, "item_groups": [ "golf_cart" ] },
      { "x": -1, "y": 1, "chance": 25, "//repeat": 2, "item_groups": [ "golf_cart" ] }
    ]
  },
  {
    "id": "armedwillysjeep",
    "type": "vehicle",
    "name": "armed muskrat ATV",
    "blueprint": [
      [ "o|o" ],
	  [ "|||" ],
      [ "o|o" ]
    ],
    "parts": [
      { "x": 0, "y": 0, "part": "frame_horizontal" },
      { "x": 0, "y": 0, "part": "seat" },
      { "x": 1, "y": 0, "parts": ["frame_nw", "reinforced_windshield"] },
      { "x": 0, "y": 0, "part": "controls" },
      { "x": 0, "y": 1, "part": "frame_horizontal" },
      { "x": 0, "y": 1, "part": "seat" },
      { "x": 0, "y": 1, "part": "battery_car" },
      { "x": 2, "y": 0, "parts": ["frame_nw", "engine_vtwin", "alternator_motorbike", "hdhalfboard_nw", "spring_plate" ] },
      { "x": 2, "y": 0, "parts": [ "wheel_mount_medium_steerable", "wheel_wide" ] },
      { "x": 1, "y": 1, "parts": ["frame_ne", "reinforced_windshield"] },
      { "x": 2, "y": 1, "part": "frame_ne" },
      { "x": 2, "y": 1, "part": "hdhalfboard_ne" },
      { "x": 2, "y": 1, "parts": [ "wheel_mount_medium_steerable", "wheel_wide", "spring_plate" ] },
      { "x": 3, "y": 0, "parts": [ "hdframe_horizontal_2"] },
      { "x": 3, "y": 1, "parts": [ "hdframe_horizontal_2" ] },
      { "x": -1, "y": 0, "part": "frame_sw" },
      { "x": -1, "y": 0, "parts": [ "seat", "turret_mount", { "part": "m249", "ammo": 85, "ammo_qty": [ 10, 125 ] } ]},
      { "x": -1, "y": 0, "parts": [ "wheel_mount_medium", "wheel_wide", "spring_plate" ] },
      { "x": -1, "y": 1, "part": "frame_se" },
      { "x": -1, "y": 1, "part": "trunk" },
      { "x": -1, "y": 1, "parts": [ "wheel_mount_medium", "wheel_wide", { "fuel": "gasoline", "part": "tank_medium" }, "spring_plate" ] }
    ],
    "items": [
      { "x": -1, "y": 0, "chance": 25, "//repeat": 2, "item_groups": [ "golf_cart" ] },
      { "x": -1, "y": 1, "chance": 25, "//repeat": 2, "item_groups": [ "golf_cart" ] }
    ]
  },
  {
    "id": "rocketeerwillysjeep",
    "type": "vehicle",
    "name": "armed muskrat ATV",
    "blueprint": [
      [ "o|o" ],
	  [ "|||" ],
      [ "o|o" ]
    ],
    "parts": [
      { "x": 0, "y": 0, "part": "frame_horizontal" },
      { "x": 0, "y": 0, "part": "seat" },
      { "x": 1, "y": 0, "parts": ["frame_nw", "reinforced_windshield"] },
      { "x": 0, "y": 0, "part": "controls" },
      { "x": 0, "y": 1, "part": "frame_horizontal" },
      { "x": 0, "y": 1, "part": "seat" },
      { "x": 0, "y": 1, "part": "battery_car" },
      { "x": 2, "y": 0, "parts": ["frame_nw", "engine_vtwin", "alternator_motorbike", "hdhalfboard_nw", "spring_plate" ] },
      { "x": 2, "y": 0, "parts": [ "wheel_mount_medium_steerable", "wheel_wide" ] },
      { "x": 1, "y": 1, "parts": ["frame_ne", "reinforced_windshield"] },
      { "x": 2, "y": 1, "part": "frame_ne" },
      { "x": 2, "y": 1, "part": "hdhalfboard_ne" },
      { "x": 2, "y": 1, "parts": [ "wheel_mount_medium_steerable", "wheel_wide", "spring_plate" ] },
      { "x": 3, "y": 0, "parts": [ "hdframe_horizontal_2"] },
      { "x": 3, "y": 1, "parts": [ "hdframe_horizontal_2" ] },
      { "x": -1, "y": 0, "part": "frame_sw" },
      { "x": -1, "y": 0, "parts": [ "seat", "turret_mount", { "part": "tow_launcher", "ammo": 65, "ammo_qty": [ 1,1 ] } ]},
      { "x": -1, "y": 0, "parts": [ "wheel_mount_medium", "wheel_wide", "spring_plate" ] },
      { "x": -1, "y": 1, "part": "frame_se" },
      { "x": -1, "y": 1, "part": "trunk" },
      { "x": -2, "y": 1, "part": "mounted_spare_tire" },
      { "x": -1, "y": 1, "parts": [ "wheel_mount_medium", "wheel_wide", { "fuel": "gasoline", "part": "tank_medium" }, "spring_plate" ] }
    ]
  },
{
    "id": "mounted_calico",
    "copy-from": "turret",
    "type": "vehicle_part",
    "name": { "str": "mounted Calico 9mm SMG" },
    "item": "calico",
    "color": "cyan",
    "broken_color": "cyan",
    "breaks_into": [ { "item": "scrap", "count": 25 }, { "item": "steel_chunk", "count": 5 }, { "item": "steel_lump", "count": 5 } ],
    "requirements": { "install": { "skills": [ [ "mechanics", 3 ], [ "smg", 2 ] ] }, "removal": { "skills": [ [ "mechanics", 2 ] ] } }
  },
{
    "id": "car_superspy",
    "type": "vehicle",
    "name": "Spy Car",
    "blueprint": [
      [ "o-++-o" ],
      [ "+=##'|" ],
      [ "+=##'|" ],
      [ "o-++-o" ]
    ],
    "parts": [
      { "x": 0, "y": 0, "part": "xlframe_vertical_2" },
      { "x": 0, "y": 0, "part": "seat_leather" },
      { "x": 0, "y": 0, "part": "seatbelt" },
      { "x": 0, "y": 0, "part": "controls" },
      { "x": 0, "y": 0, "part": "dashboard" },
      { "x": 0, "y": 0, "part": "vehicle_clock" },
      { "x": 0, "y": 0, "part": "vehicle_alarm" },
      { "x": 0, "y": 0, "part": "horn_car" },
      { "x": 0, "y": 0, "part": "roof" },
      { "x": 0, "y": 1, "part": "xlframe_vertical_2" },
      { "x": 0, "y": 1, "part": "seat_leather" },
      { "x": 0, "y": 1, "part": "seatbelt" },
      { "x": 0, "y": 1, "part": "roof" },
      { "x": 0, "y": 1, "part": "light_blue" },
      { "x": 0, "y": -1, "part": "xlframe_vertical" },
      { "x": 0, "y": -1, "part": "door" },
      { "x": 0, "y": 2, "part": "xlframe_vertical" },
      { "x": 0, "y": 2, "part": "door" },
      { "x": -1, "y": 0, "part": "xlframe_vertical_2" },
      { "x": -1, "y": 0, "part": "roof" },
      { "x": -1, "y": 1, "part": "xlframe_vertical_2" },
      { "x": -1, "y": 1, "part": "roof" },
      { "x": -1, "y": -1, "part": "xlframe_vertical" },
      { "x": -1, "y": -1, "part": "halfboard_vertical" },
      { "x": -1, "y": 2, "part": "xlframe_vertical" },
      { "x": -1, "y": 2, "part": "halfboard_vertical" },
      { "x": 1, "y": 0, "part": "xlframe_horizontal" },
      { "x": 1, "y": 0, "part": "reinforced_windshield" },
      { "x": 1, "y": 0, "part": "carbonfiber_boat_hull" },
      { "x": 1, "y": 1, "part": "xlframe_horizontal" },
      { "x": 1, "y": 1, "part": "reinforced_windshield" },
      { "x": 1, "y": -1, "part": "xlframe_vertical" },
      { "x": 1, "y": -1, "part": "reinforced_windshield" },
      { "x": 1, "y": 2, "part": "xlframe_vertical" },
      { "x": 1, "y": 2, "part": "reinforced_windshield" },
      { "x": 2, "y": 0, "part": "xlframe_horizontal" },
      { "x": 2, "y": 0, "part": "engine_v12" },
      { "x": 2, "y": 0, "part": "alternator_truck" },
      { "x": 2, "y": 0, "part": "battery_car" },
      { "x": 2, "y": 0, "part": "halfboard_horizontal" },
      { "x": 2, "y": 1, "part": "xlframe_horizontal" },
      { "x": 2, "y": 1, "part": "halfboard_horizontal" },
      { "x": 3, "y": 0, "part": "xlframe_horizontal" },
      { "x": 3, "y": 0, "part": "halfboard_nw" },
      { "x": 3, "y": 0, "part": "carbonfiber_boat_hull" },
      { "x": 3, "y": 0, "part": "headlight" },
      { "x": 3, "y": 1, "part": "xlframe_horizontal" },
      { "x": 3, "y": 1, "part": "halfboard_ne" },
      { "x": 3, "y": 1, "part": "headlight" },
      { "x": 2, "y": -1, "part": "xlframe_nw" },
      { "x": 2, "y": -1, "part": "halfboard_nw" },
      { "x": 2, "y": -1, "parts": [ "wheel_mount_medium_steerable", "wheel_wide" ] },
      { "x": 2, "y": -1, "part": "wide_headlight" },
      { "x": 2, "y": 2, "part": "xlframe_ne" },
      { "x": 2, "y": 2, "part": "halfboard_ne" },
      { "x": 2, "y": 2, "parts": [ "wheel_mount_medium_steerable", "wheel_wide" ] },
      { "x": 2, "y": 2, "part": "wide_headlight" },
      { "x": -2, "y": 0, "part": "xlframe_vertical" },
      { "x": -1, "y": 0, "part": "trunk" },
      { "x": -1, "y": 1, "part": "trunk" },
      { "x": -1, "y": 0, "part": "carbonfiber_boat_hull" },
      { "x": -1, "y": 1, "part": "carbonfiber_boat_hull" },
      { "x": -2, "y": 0, "part": "door_trunk" },
      { "x": -2, "y": 0, "part": "muffler" },
      { "x": -2, "y": 0, "part": "roof" },
      { "x": -2, "y": 1, "part": "xlframe_vertical" },
      { "x": -2, "y": 1, "part": "door_trunk" },
      { "x": -2, "y": 1, "part": "roof" },
      { "x": -2, "y": -1, "part": "xlframe_vertical" },
      { "x": 1, "y": 2, "part": "carbonfiber_boat_hull" },
      { "x": 1, "y": -1, "part": "carbonfiber_boat_hull" },
      { "x": 0, "y": 2, "part": "carbonfiber_boat_hull" },
      { "x": 0, "y": -1, "part": "carbonfiber_boat_hull" },
      { "x": -1, "y": 2, "part": "carbonfiber_boat_hull" },
      { "x": -1, "y": -1, "part": "carbonfiber_boat_hull" },
      { "x": -2, "y": 1, "part": "carbonfiber_boat_hull" },
      { "x": -2, "y": 0, "part": "carbonfiber_boat_hull" },
      { "x": -2, "y": 0, "part": "tank", "fuel": "gasoline" },
      { "x": -2, "y": 2, "part": "xlframe_vertical" },
      { "x": -2, "y": -1, "part": "halfboard_sw" },
      { "x": -2, "y": -1, "parts": [ "wheel_mount_medium", "wheel_wide" ] },
      { "x": -2, "y": 2, "part": "halfboard_se" },
      {
        "y": 1,
        "x": 2,
        "parts": [ "turret_mount", { "part": "mounted_calico", "ammo": 100, "ammo_qty": [ 26, 50 ] } ]
      },
      { "x": -2, "y": 2, "parts": [ "wheel_mount_medium", "wheel_wide" ] }
    ],
    "items": [ { "x": -1, "y": 1, "chance": 75, "magazine": 100, "ammo": 50, "item_groups": [ "guns_cop" ] } ]
  }
]