[
  {
    "id": "tiny_helicopter_rotor",
    "type": "GENERIC",
    "category": "veh_parts",
    "name": { "str": "small civilian helicopter rotors", "str_pl": "sets of small civilian helicopter rotors" },
    "description": "A set of two light rotor blades from a ultralight helicopter.",
    "price": 1200,
    "price_postapoc": 250,
    "weight": "86000 g",
    "volume": "181000 ml",
    "looks_like": "xl_wind_turbine",
    "material": "steel",
    "symbol": "X",
    "color": "blue"
  }, {
    "id": "civilianhelicopter_THGcargo",
    "type": "vehicle",
    "name": "THG-C Twinbrook Dual-rotor Cargo Helicopter",
    "parts": [
      { "x": 2, "y": 0, "part": "xlframe_nw" },
      { "x": 2, "y": 0, "part": "wide_headlight" },
      { "x": 2, "y": 1, "part": "xlframe_horizontal" },
      { "x": 2, "y": 2, "part": "xlframe_ne" },
      { "x": 1, "y": 0, "part": "xlframe_horizontal" },
      { "x": 1, "y": 1, "part": "xlframe_horizontal" },
      { "x": 1, "y": 2, "part": "xlframe_horizontal" },
      { "x": 1, "y": 3, "part": "xlframe_ne" },
      { "x": 1, "y": -1, "part": "xlframe_nw" },
      { "x": 0, "y": 0, "part": "xlframe_cross" },
      { "x": 0, "y": 1, "part": "xlframe_cross" },
      { "x": 0, "y": 2, "part": "xlframe_cross" },
      { "x": 0, "y": 3, "part": "xlframe_vertical" },
      { "x": 0, "y": -1, "part": "xlframe_vertical" },
      { "x": -1, "y": 0, "part": "xlframe_cross" },
      { "x": -1, "y": 1, "part": "xlframe_cross" },
      { "x": -1, "y": 2, "part": "xlframe_cross" },
      { "x": -1, "y": 3, "part": "xlframe_vertical" },
      { "x": -1, "y": -1, "part": "xlframe_vertical" },
      { "x": -2, "y": 0, "part": "xlframe_cross" },
      { "x": -2, "y": 1, "part": "xlframe_cross" },
      { "x": -2, "y": 2, "part": "xlframe_cross" },
      { "x": -2, "y": 3, "part": "xlframe_vertical" },
      { "x": -2, "y": -1, "part": "xlframe_cross" },
      { "x": -3, "y": 0, "part": "xlframe_cross" },
      { "x": -3, "y": 1, "part": "xlframe_cross" },
      { "x": -3, "y": 2, "part": "xlframe_cross" },
      { "x": -3, "y": 3, "part": "xlframe_vertical" },
      { "x": -3, "y": -1, "part": "xlframe_vertical" },
      { "x": -4, "y": 0, "part": "xlframe_cross" },
      { "x": -4, "y": 1, "part": "xlframe_cross" },
      { "x": -4, "y": 2, "part": "xlframe_cross" },
      { "x": -4, "y": 3, "part": "xlframe_vertical" },
      { "x": -4, "y": -1, "part": "xlframe_vertical" },
	  { "x": -5, "y": 0, "part": "xlframe_cross" },
      { "x": -5, "y": 1, "part": "xlframe_cross" },
      { "x": -5, "y": 2, "part": "xlframe_cross" },
      { "x": -5, "y": 3, "part": "xlframe_vertical" },
      { "x": -5, "y": -1, "part": "xlframe_vertical" },
	  { "x": -6, "y": 0, "part": "xlframe_cross" },
      { "x": -6, "y": 1, "part": "xlframe_cross" },
      { "x": -6, "y": 2, "part": "xlframe_cross" },
      { "x": -6, "y": 3, "part": "xlframe_vertical" },
      { "x": -6, "y": -1, "part": "xlframe_vertical" },
	  { "x": -7, "y": 0, "part": "xlframe_cross" },
      { "x": -7, "y": 1, "part": "xlframe_cross" },
      { "x": -7, "y": 2, "part": "xlframe_cross" },
      { "x": -7, "y": 3, "part": "xlframe_vertical" },
      { "x": -7, "y": -1, "part": "xlframe_vertical" },
      { "x": -8, "y": -1, "part": "xlframe_cross" },
      { "x": -8, "y": 0, "part": "xlframe_cross" },
      { "x": -8, "y": 1, "part": "xlframe_cross" },
      { "x": -8, "y": 2, "part": "xlframe_cross" },
      { "x": -8, "y": 3, "part": "xlframe_cross" },
      { "x": -9, "y": 0, "part": "xlframe_ne" },
      { "x": -9, "y": 1, "part": "xlframe_vertical_2" },
      { "x": -9, "y": 2, "part": "xlframe_nw" },
      { "x": -9, "y": 3, "part": "xlframe_se" },
      { "x": -9, "y": -1, "part": "xlframe_sw" },
      { "x": -9, "y": -2, "part": "xlframe_nw" },
      { "x": -9, "y": 4, "part": "xlframe_sw" },
      { "x": -10, "y": 1, "part": "xlframe_sw" },
      { "x": -10, "y": 2, "part": "xlframe_sw" },
      { "x": -10, "y": 0, "part": "xlframe_horizontal" },
      { "x": -10, "y": -1, "part": "xlframe_sw" },
      { "x": -10, "y": -2, "part": "xlframe_horizontal" },
      { "x": -11, "y": -2, "part": "xlframe_horizontal" },
      { "x": -10, "y": 3, "part": "xlframe_sw" },
      { "x": -10, "y": 4, "part": "xlframe_horizontal" },
      { "x": -11, "y": -1, "part": "xlframe_horizontal" },
      { "x": -11, "y": 0, "part": "frame_horizontal" },
      { "x": -11, "y": 1, "part": "frame_horizontal" },
      { "x": -11, "y": 2, "part": "frame_horizontal" },
      { "x": -11, "y": 4, "part": "xlframe_horizontal" },
      { "x": -11, "y": 3, "part": "xlframe_horizontal" },
	  { "x": 2, "y": 0, "part": "halfboard_nw" },
      { "x": 2, "y": 1, "part": "halfboard_horizontal" },
      { "x": 2, "y": 2, "part": "halfboard_ne" },
      { "x": 1, "y": 0, "part": "windshield" },
      { "x": 1, "y": 1, "part": "windshield" },
      { "x": 1, "y": 2, "part": "windshield" },
      { "x": 1, "y": 3, "part": "halfboard_ne" },
      { "x": 1, "y": -1, "part": "halfboard_nw" },
      { "x": 0, "y": 0, "part": "controls" },
      { "x": 0, "y": 0, "part": "dashboard" },
      { "x": 0, "y": 0, "part": "roof" },
      { "x": 0, "y": 0, "part": "seat" },
      { "x": 0, "y": 0, "part": "seatbelt" },
      { "x": 0, "y": 1, "part": "aisle_vertical" },
      { "x": 0, "y": 1, "part": "medium_storage_battery" },
      { "x": 0, "y": 1, "part": "roof" },
      { "x": 0, "y": 2, "part": "controls" },
      { "x": 0, "y": 2, "part": "dashboard" },
      { "x": 0, "y": 2, "part": "roof" },
      { "x": 0, "y": 2, "part": "seat" },
      { "x": 0, "y": 2, "part": "seatbelt" },
      { "x": 0, "y": 3, "part": "windshield_se" },
      { "x": 0, "y": -1, "part": "windshield_sw" },
      { "x": -1, "y": 0, "part": "roof" },
      { "x": -1, "y": 0, "part": "board_horizontal" },
      { "x": -1, "y": 1, "part": "hatch" },
      { "x": -1, "y": 1, "part": "roof" },
      { "x": -1, "y": 2, "part": "roof" },
      { "x": -1, "y": 2, "part": "board_horizontal" },
      { "x": -1, "y": 3, "part": "board_vertical" },
      { "x": -1, "y": -1, "part": "board_vertical" },
      { "x": -2, "y": 0, "part": "aisle_vertical" },
      { "x": -2, "y": 0, "part": "roof" },
      { "x": -2, "y": 1, "part": "aisle_vertical" },
      { "x": -2, "y": 1, "part": "aisle_lights" },
      { "x": -2, "y": 1, "part": "roof" },
      { "x": -2, "y": 2, "part": "aisle_vertical" },
      { "x": -2, "y": 2, "part": "roof" },
      { "x": -2, "y": 3, "part": "door_sliding" },
      { "x": -2, "y": 3, "part": "roof" },
      { "x": -2, "y": -1, "part": "door_sliding" },
      { "x": -2, "y": -1, "part": "roof" },
      { "x": -3, "y": 0, "part": "roof" },
      { "x": -3, "y": 0, "part": "aisle_vertical" },
      { "x": -3, "y": 1, "part": "aisle_vertical" },
      { "x": -3, "y": 1, "part": "roof" },
      { "x": -3, "y": 2, "part": "roof" },
      { "x": -3, "y": 2, "part": "aisle_vertical" },
      { "x": -3, "y": 3, "part": "door_sliding" },
      { "x": -3, "y": 3, "part": "roof" },
      { "x": -1, "y": 3, "part": "tank_55gal_drum", "fuel": "jp8" },
      { "x": -3, "y": -1, "part": "door_sliding" },
      { "x": -3, "y": -1, "part": "roof" },
      { "x": -1, "y": -1, "part": "tank_55gal_drum", "fuel": "jp8" },
      { "x": -4, "y": 0, "part": "roof" },
      { "x": -4, "y": 0, "part": "trunk" },
      { "x": -4, "y": 1, "part": "aisle_lights" },
      { "x": -4, "y": 1, "part": "aisle_vertical" },
      { "x": -4, "y": 1, "part": "roof" },
      { "x": -4, "y": 2, "part": "roof" },
      { "x": -4, "y": 2, "part": "trunk" },
      { "x": -4, "y": 3, "part": "board_vertical" },
      { "x": -4, "y": 3, "part": "roof" },
      { "x": -4, "y": 3, "part": "tank_55gal_drum", "fuel": "jp8" },
      { "x": -4, "y": -1, "part": "board_vertical" },
      { "x": -4, "y": -1, "part": "roof" },
      { "x": -4, "y": -1, "part": "tank_55gal_drum", "fuel": "jp8" },
      { "x": -5, "y": 0, "part": "roof" },
      { "x": -5, "y": 0, "part": "trunk" },
      { "x": -5, "y": 1, "part": "aisle_lights" },
      { "x": -5, "y": 1, "part": "aisle_vertical" },
      { "x": -5, "y": 1, "part": "roof" },
      { "x": -5, "y": 2, "part": "roof" },
      { "x": -5, "y": 2, "part": "trunk" },
      { "x": -5, "y": 3, "part": "windshield" },
      { "x": -5, "y": 3, "part": "roof" },
      { "x": -5, "y": -1, "part": "windshield" },
      { "x": -5, "y": -1, "part": "roof" },
      { "x": -6, "y": 0, "part": "roof" },
      { "x": -6, "y": 0, "part": "trunk" },
      { "x": -6, "y": 1, "part": "aisle_lights" },
      { "x": -6, "y": 1, "part": "aisle_vertical" },
      { "x": -6, "y": 1, "part": "roof" },
      { "x": -6, "y": 2, "part": "roof" },
      { "x": -6, "y": 2, "part": "trunk" },
      { "x": -6, "y": 3, "part": "board_vertical" },
      { "x": -6, "y": 3, "part": "roof" },
      { "x": -6, "y": -1, "part": "board_vertical" },
      { "x": -6, "y": -1, "part": "roof" },
      { "x": -7, "y": 0, "part": "roof" },
      { "x": -7, "y": 0, "part": "trunk" },
      { "x": -7, "y": 1, "part": "aisle_lights" },
      { "x": -7, "y": 1, "part": "aisle_vertical" },
      { "x": -8, "y": 1, "part": "heavy_duty_military_blackhawk_rotors" },
      { "x": -7, "y": 1, "part": "roof" },
      { "x": -7, "y": 2, "part": "roof" },
      { "x": -7, "y": 2, "part": "trunk" },
      { "x": -7, "y": 3, "part": "windshield" },
      { "x": -7, "y": 3, "part": "roof" },
      { "x": -7, "y": -1, "part": "windshield" },
      { "x": -7, "y": -1, "part": "roof" },
      { "x": -8, "y": -1, "part": "board_vertical" },
      { "x": -8, "y": -1, "part": "roof" },
      { "x": -8, "y": 0, "part": "engine_turbine_medium" },
      { "x": -8, "y": 0, "part": "alternator_truck" },
      { "x": -8, "y": 0, "part": "roof" },
      { "x": -8, "y": 0, "part": "trunk" },
      { "x": -8, "y": 1, "part": "aisle_vertical" },
      { "x": -8, "y": 1, "part": "roof" },
      { "x": -8, "y": 2, "part": "engine_turbine_medium" },
      { "x": -8, "y": 2, "part": "alternator_truck" },
      { "x": -8, "y": 2, "part": "roof" },
      { "x": -8, "y": 2, "part": "trunk" },
      { "x": -8, "y": 3, "part": "board_vertical" },
      { "x": -8, "y": 3, "part": "roof" },
      { "x": -9, "y": 3, "part": "board_vertical" },
      { "x": -9, "y": 3, "part": "roof" },
      { "x": -9, "y": 3, "part": "tank_55gal_drum", "fuel": "jp8" },
      { "x": -9, "y": -1, "part": "board_vertical" },
      { "x": -9, "y": -1, "part": "roof" },
      { "x": -9, "y": -1, "part": "tank_55gal_drum", "fuel": "jp8" },
      { "x": -9, "y": 0, "part": "roof" },
      { "x": -9, "y": 1, "part": "roof" },
      { "x": -9, "y": 2, "part": "roof" },
      { "x": -9, "y": 0, "part": "aisle_vertical" },
      { "x": -9, "y": 1, "part": "aisle_vertical" },
      { "x": -9, "y": 2, "part": "aisle_vertical" },
      { "x": -10, "y": 0, "part": "hatch" },
      { "x": -10, "y": 1, "part": "hatch" },
      { "x": -10, "y": 2, "part": "hatch" },
      { "x": -10, "y": -1, "part": "halfboard_vertical" },
      { "x": -10, "y": -2, "part": "stowboard_vertical" },
      { "x": -9, "y": -2, "part": "halfboard_vertical_2" },
      { "x": -11, "y": -1, "part": "halfboard_horizontal" },
      { "x": -11, "y": -2, "part": "halfboard_horizontal" },
      { "x": -10, "y": 3, "part": "halfboard_vertical" },
      { "x": -10, "y": 4, "part": "stowboard_vertical" },
      { "x": -9, "y": 4, "part": "halfboard_vertical_2" },
      { "x": -11, "y": 4, "part": "halfboard_horizontal" },
      { "x": -11, "y": 3, "part": "halfboard_horizontal" },
      { "x": 0, "y": 1, "part": "heavy_duty_military_blackhawk_rotors" }
  ]},
   {
    "id": "militaryhelicopter_THGhunterkiller",
    "type": "vehicle",
    "name": "THG-Domina HunterKiller VTOL",
    "parts": [
      { "x": 2, "y": 0, "part": "frame_cross" },
      { "x": 1, "y": 0, "part": "frame_cross" },
      { "x": 1, "y": 0, "part": "turret_mount" },
      { "x": 1, "y": 0, "part": "mounted_m240", "ammo": 80, "ammo_types": [ "308" ], "ammo_qty": [ 0, 175 ] },
      { "x": 1, "y": 0, "part": "controls_turret" },
      { "x": 1, "y": -1, "part": "frame_cross" },
      { "x": 1, "y": 1, "part": "frame_cross" },
      { "x": 0, "y": 0, "part": "frame_vertical" },
      { "x": 0, "y": 1, "part": "frame_vertical" },
      { "x": 0, "y": -1, "part": "frame_horizontal" },
      { "x": -1, "y": 0, "part": "frame_horizontal" },
      { "x": -1, "y": 1, "part": "frame_horizontal" },
      { "x": -1, "y": -1, "part": "frame_horizontal" },
      { "x": -1, "y": 2, "parts": [ "frame_horizontal_2", "hdhalfboard_horizontal_2"] },
      { "x": -1, "y": -2, "parts": [ "frame_horizontal_2", "hdhalfboard_horizontal_2" ]  },
      { "x": -1, "y": 3, "parts": [ "frame_horizontal_2", "hdhalfboard_horizontal_2"] },
      { "x": -1, "y": -3, "parts": [ "frame_horizontal_2", "hdhalfboard_horizontal_2" ]   },
      { "x": -1, "y": 4, "parts": [ "frame_horizontal_2", "hdhalfboard_horizontal", "turret_mount", {"part": "mounted_micromissilelauncher", "ammo": 90, "ammo_qty": [ 1, 36 ] } ]  },
      { "x": -1, "y": -4, "parts": [ "frame_horizontal_2", "hdhalfboard_horizontal", "turret_mount", {"part": "mounted_micromissilelauncher", "ammo": 90, "ammo_qty": [ 1, 36 ] }  ] },
      { "x": 0, "y": 2, "parts": [ "frame_horizontal_2", "tiny_civilian_rotors" , "hdhalfboard_horizontal", "engine_electric_super"] },
      { "x": 0, "y": -2, "parts": [ "frame_horizontal_2", "tiny_civilian_rotors", "hdhalfboard_horizontal", "engine_electric_super"]  },
      { "x": 0, "y": 3, "parts": [ "frame_horizontal_2", "hdhalfboard_vertical"]  },
      { "x": 0, "y": -3, "parts": [ "frame_horizontal_2", "hdhalfboard_vertical" ] },
      { "x": 0, "y": 1, "part": "omnicam" },
      { "x": 0, "y": -1, "part": "omnicam" },
      { "x": -2, "y": 1, "part": "hdframe_vertical" },
      { "x": -2, "y": -1, "part": "hdframe_vertical" },
      { "x": -3, "y": -1, "part": "frame_cross" },
      { "x": -3, "y": 0, "part": "frame_vertical" },
      { "x": -3, "y": 1, "part": "frame_cross" },
      { "x": -4, "y": -1, "part": "frame_nw" },
      { "x": -4, "y": 1, "part": "frame_ne" },
      { "x": 1, "y": 0, "part": "reinforced_windshield" },
      { "x": 2, "y": 0, "part": "hdhalfboard_horizontal_2" },
      { "x": 0, "y": 0, "part": "controls" },
      { "x": 0, "y": 0, "part": "dashboard" },
      { "x": 0, "y": 0, "part": "seat" },
      { "x": 0, "y": 0, "part": "cam_control" },
      { "x": 0, "y": 0, "part": "seatbelt_heavyduty" },
      { "x": -1, "y": 0, "part": "hdhatch" },
      { "x": 0, "y": 1, "part": "hdboard_vertical" },
      { "x": 0, "y": -1, "part": "hdboard_vertical" },
      { "x": -1, "y": 1, "part": "hdboard_se" },
      { "x": -1, "y": -1, "part": "hdboard_sw" },
      { "x": 1, "y": 1, "part": "hdstowboard_ne" },
      { "x": 1, "y": -1, "part": "hdstowboard_nw" },
      { "x": -3, "y": 0, "part": "minireactor" },
      { "x": 1, "y": 0, "part": "large_storage_battery" },
      { "x": 2, "y": 0, "part": "large_storage_battery" },
      { "x": 0, "y": 0, "part": "hdroof" },
      { "x": -3, "y": 0, "part": "tiny_civilian_rotors" },
      { "x": -3, "y": 0, "part": "hdhalfboard_vertical" },
      { "x": -4, "y": -2, "part": "frame_cross" },
      { "x": -4, "y": 2, "part": "frame_cross" },
      { "x": -3, "y": -1, "part": "hdhalfboard_horizontal_2" },
      { "x": -3, "y": 1, "part": "hdhalfboard_horizontal_2" },
      { "x": -4, "y": -1, "part": "hdhalfboard_horizontal" },
      { "x": -4, "y": 1, "part": "hdhalfboard_horizontal" },
      { "x": -4, "y": -2, "part": "hdhalfboard_horizontal_2" },
      { "x": -4, "y": 2, "part": "hdhalfboard_horizontal_2" }
   ]
   },
  {
    "type": "GENERIC",
    "id": "midsizemotor",
    "name": { "str": "medium electric motor" },
    "description": "A powerful mid-sized electric motor.  Useful for crafting.",
    "weight": "45 kg",
    "color": "light_cyan",
    "symbol": ",",
    "material": [ "steel" ],
    "volume": "8 L",
    "bashing": 5,
    "category": "veh_parts",
    "price": 15000,
    "price_postapoc": 2000
  },
  {
    "id": "engine_mediumelectric",
    "copy-from": "engine_motor",
    "type": "vehicle_part",
    "name": { "str": "medium electric motor" },
    "item": "midsizemotor",
    "durability": 300,
    "power": 96000,
    "energy_consumption": 108000,
    "damage_modifier": 80,
    "folded_volume": 8,
    "requirements": {
      "install": { "skills": [ [ "mechanics", 3 ] ], "time": "80 m", "using": [ [ "vehicle_bolt", 1 ] ] },
      "removal": { "skills": [ [ "mechanics", 3 ] ], "time": "40 m", "using": [ [ "vehicle_bolt", 1 ] ] },
      "repair": { "skills": [ [ "mechanics", 4 ] ], "time": "80 m", "using": [ [ "welding_standard", 5 ] ] }
    },
    "breaks_into": [
      { "item": "steel_lump", "count": [ 2, 4 ] },
      { "item": "steel_chunk", "count": [ 2, 4 ] },
      { "item": "scrap", "count": [ 2, 4 ] },
      { "item": "e_scrap", "count": [ 1, 2 ] },
      { "item": "bearing", "count": [ 5, 10 ] },
      { "item": "cable", "charges": [ 10, 20 ] }
    ],
    "damage_reduction": { "all": 32 }
  },
  {
    "id": "tiny_civilian_rotors",
    "copy-from": "helicopter_rotors",
    "type": "vehicle_part",
    "name": "tiny helicopter rotors",
    "item": "tiny_helicopter_rotor",
    "looks_like": "small_civilian_rotors",
    "//": "rotor diameter is in meters",
    "rotor_diameter": 5,
    "requirements": {
      "install": { "skills": [ [ "mechanics", 5 ] ], "time": "2 h", "using": [ [ "welding_standard", 20 ] ] },
      "removal": { "skills": [ [ "mechanics", 5 ] ], "time": "2 h", "using": [ [ "vehicle_weld_removal", 4 ] ] },
      "repair": { "skills": [ [ "mechanics", 6 ] ], "time": "2 h", "using": [ [ "welding_standard", 20 ] ] }
    },
    "durability": 50,
    "description": "A set of lightweight two civilian-grade helicopter rotor blades, used to provide lift by rotation.",
    "damage_modifier": 80,
    "breaks_into": [ { "item": "scrap", "count": [ 4, 7 ] }, { "item": "steel_chunk", "count": [ 1, 4 ] } ],
    "damage_reduction": { "all": 20 }
  },
{
    "id": "militaryhelicopter_THGscout",
    "type": "vehicle",
    "name": "THG-Pygmy Scout Helicopter",
    "blueprint": [
      [ "        t     " ],
      [ "       ||     " ],
      [ "--   -=---'+'-" ],
      [ " h------X=#_#'" ],
      [ "--   -=---'+'-" ],
      [ "       ||     " ],
      [ "        t     " ]
    ],
    "parts": [
      {
        "x": 0,
        "y": 0,
        "parts": [ "xlframe_cross", "seat", "seatbelt_heavyduty", "controls", "dashboard", "black_box", "roof", "controls_electronic" ]
      },
      { "x": 0, "y": 1, "parts": [ "xlframe_vertical", "reinforced_windshield" ] },
      { "x": 0, "y": -1, "parts": [ "xlframe_vertical", "reinforced_windshield" ] },
      { "x": 1, "y": 0, "parts": [ "xlframe_cross", "reinforced_windshield", "roof", "wide_headlight" ] },
      { "x": 0, "y": 2, "parts": [ "xlframe_ne" ] },
      { "x": 0, "y": -2, "parts": [ "xlframe_nw" ] },
      { "x": 1, "y": 1, "parts": [ "xlframe_vertical", "reinforced_windshield" ] },
      { "x": 1, "y": -1, "parts": [ "xlframe_vertical", "reinforced_windshield" ] },
      { "x": -1, "y": 0, "parts": [ "xlframe_vertical", "seat", "heavy_duty_military_rotor", "roof" ] },
      { "x": -1, "y": 1, "parts": [ "xlframe_vertical", "hdhatch_left" ] },
      { "x": -1, "y": -1, "parts": [ "xlframe_vertical", "hdhatch_right"] },
	  { "x": -1, "y": 2, "parts": [ "xlframe_vertical", "folding_seat" ] },
      { "x": -1, "y": -2, "parts": [ "xlframe_vertical", "folding_seat"] },
      { "x": -2, "y": 0, "parts": [ "xlframe_vertical", "hdstowboard_horizontal", "engine_turbine_small", "alternator_car" ] },
      { "x": -3, "y": 0, "parts": [ "xlframe_horizontal", "hdboard_vertical", "medium_storage_battery" ] },
      { "x": -2, "y": 1, "parts": [ "xlframe_se", "hdstowboard_se" ] },
      { "x": -2, "y": -1, "parts": [ "xlframe_sw", "hdstowboard_sw" ] },
	  { "x": -2, "y": 2, "parts": [ "xlframe_se" ] },
      { "x": -2, "y": -2, "parts": [ "xlframe_sw" ] },
      { "x": -4, "y": 0, "parts": [ "xlframe_vertical", "hdhalfboard_vertical",  { "fuel": "jp8", "part": "tank_55gal_drum" } ] },
      { "x": -5, "y": 0, "parts": [ "xlframe_vertical_2", "hdhalfboard_vertical_2",  { "fuel": "jp8", "part": "tank_55gal_drum" } ] },
      { "x": -5, "y": 1, "parts": [ "xlframe_vertical", "hdhalfboard_vertical" ] },
      { "x": -5, "y": -1, "parts": [ "xlframe_vertical", "hdhalfboard_vertical" ] },
      { "x": -6, "y": 1, "parts": [ "xlframe_se", "hdhalfboard_se" ] },
      { "x": -6, "y": -1, "parts": [ "xlframe_sw", "hdhalfboard_sw" ] }
    ]
  },
  {
    "id": "militaryhelicopter_salvagedTHGscout",
    "type": "vehicle",
    "name": "Salvaged THG-Pygmy Scout Helicopter",
    "blueprint": [
      [ "        t     " ],
      [ "       ||     " ],
      [ "--   -=---'+'-" ],
      [ " h------X=#_#'" ],
      [ "--   -=---'+'-" ],
      [ "       ||     " ],
      [ "        t     " ]
    ],
    "parts": [
      {
        "x": 0,
        "y": 0,
        "parts": [ "xlframe_cross", "seat", "seatbelt_heavyduty", "roof" ]
      },
      { "x": 0, "y": 1, "parts": [ "xlframe_vertical", "reinforced_windshield" ] },
      { "x": 0, "y": -1, "parts": [ "xlframe_vertical" ] },
      { "x": 1, "y": 0, "parts": [ "xlframe_cross", "roof" ] },
      { "x": 0, "y": 2, "parts": [ "xlframe_ne" ] },
      { "x": 0, "y": -2, "parts": [ "xlframe_nw" ] },
      { "x": 1, "y": 1, "parts": [ "xlframe_vertical", "reinforced_windshield" ] },
      { "x": 1, "y": -1, "parts": [ "xlframe_vertical" ] },
      { "x": -1, "y": 0, "parts": [ "xlframe_vertical", "seat", "heavy_duty_military_rotor", "roof" ] },
      { "x": -1, "y": 1, "parts": [ "xlframe_vertical" ] },
      { "x": -1, "y": -1, "parts": [ "xlframe_vertical", "hdhatch_right"] },
	  { "x": -1, "y": 2, "parts": [ "xlframe_vertical", "folding_seat" ] },
      { "x": -1, "y": -2, "parts": [ "xlframe_vertical", "folding_seat"] },
      { "x": -2, "y": 0, "parts": [ "xlframe_vertical", "hdstowboard_horizontal", "engine_turbine_small" ] },
      { "x": -3, "y": 0, "parts": [ "xlframe_horizontal" ] },
      { "x": -2, "y": 1, "parts": [ "xlframe_se", "hdstowboard_se" ] },
      { "x": -2, "y": -1, "parts": [ "xlframe_sw" ] },
	  { "x": -2, "y": 2, "parts": [ "xlframe_se" ] },
      { "x": -2, "y": -2, "parts": [ "xlframe_sw" ] },
      { "x": -4, "y": 0, "parts": [ "xlframe_vertical", "hdhalfboard_vertical","tank_55gal_drum"  ] },
      { "x": -5, "y": 0, "parts": [ "xlframe_vertical_2", "hdhalfboard_vertical_2","tank_55gal_drum"  ] },
      { "x": -5, "y": 1, "parts": [ "xlframe_vertical", "hdhalfboard_vertical" ] },
      { "x": -5, "y": -1, "parts": [ "xlframe_vertical" ] },
      { "x": -6, "y": 1, "parts": [ "xlframe_se", "hdhalfboard_se" ] },
      { "x": -6, "y": -1, "parts": [ "xlframe_sw" ] }
    ]
  },
{
    "id": "militaryhelicopter_THGassault",
    "type": "vehicle",
    "name": "THG-Hellot Assault Helicopter",
    "blueprint": [
      [ "        t     " ],
      [ "       ||     " ],
      [ "--   -=---'+'-" ],
      [ " h------X=#_#'" ],
      [ "--   -=---'+'-" ],
      [ "       ||     " ],
      [ "        t     " ]
    ],
    "parts": [
      {
        "x": 0,
        "y": 0,
        "parts": [ "frame_cross", "seat", "seatbelt_heavyduty", "controls", "dashboard", "black_box", "roof" ]
      },
      { "x": 0, "y": 1, "parts": [ "xlframe_vertical", "hdhalfboard_ne" ] },
      { "x": 0, "y": -1, "parts": [ "xlframe_vertical", "hdhalfboard_nw" ] },
      { "x": 1, "y": 0, "parts": [ "xlframe_cross", "hdhatch", "roof", "headlight" ] },
      { "x": 1, "y": 1, "parts": [ "xlframe_vertical", "reinforced_windshield" ] },
      { "x": 1, "y": -1, "parts": [ "xlframe_vertical", "reinforced_windshield" ] },
      {
        "x": -1,
        "y": 0,
        "parts": [ "frame_cross", "seat", "seatbelt_heavyduty", "controls_electronic", "dashboard", "black_box", "roof" ]
      },
      { "x": -1, "y": 1, "parts": [ "frame_ne", "hdstowboard_ne" ] },
      { "x": -1, "y": -1, "parts": [ "frame_nw", "hdstowboard_nw" ] },
      { "x": -2, "y": 0, "parts": [ "frame_vertical", "hdstowboard_horizontal", "heavy_duty_military_rotor", "roof" ] },
      { "x": -2, "y": 1, "parts": [ "frame_vertical", "hdboard_vertical" ] },
      { "x": -1, "y": 2, "parts": [ "frame_horizontal", "hdboard_horizontal" ] },
      { "x": -1, "y": 3, "parts": [ "frame_horizontal_2", "turret_mount" ] },
      { "x": -1, "y": 3, "part": "m249", "ammo": 100,  "ammo_qty": [ 60, 258 ] },
      { "x": -2, "y": -1, "parts": [ "frame_vertical", "hdboard_vertical" ] },
      { "x": -1, "y": -2, "parts": [ "frame_horizontal", "hdboard_horizontal" ] },
      { "x": -1, "y": -3, "parts": [ "frame_horizontal_2", "turret_mount" ] },
      { "x": -1, "y": -3, "part": "mounted_micromissilelauncher", "ammo": 90, "ammo_qty": [ 1, 36 ] },
      { "x": -3, "y": 0, "parts": [ "frame_vertical", "hdstowboard_horizontal", "engine_turbine_small", "alternator_car" ] },
      { "x": -2, "y": 2, "parts": [ "frame_horizontal", { "fuel": "jp8", "part": "tank_55gal_drum" },"hdboard_horizontal" ] },
      { "x": -2, "y": -2, "parts": [ "frame_horizontal", { "fuel": "jp8", "part": "tank_55gal_drum" }, "hdboard_horizontal" ] },
      { "x": -4, "y": 0, "parts": [ "frame_horizontal", "hdboard_vertical", "medium_storage_battery" ] },
      { "x": -3, "y": 1, "parts": [ "frame_se", "hdboard_se" ] },
      { "x": -3, "y": -1, "parts": [ "frame_sw", "hdboard_sw" ] },
      { "x": -5, "y": 0, "parts": [ "frame_vertical", "hdhalfboard_vertical" ] },
      { "x": -6, "y": 0, "parts": [ "frame_vertical_2", "hdhalfboard_vertical_2" ] },
      { "x": -6, "y": 1, "parts": [ "frame_vertical", "hdhalfboard_vertical" ] },
      { "x": -6, "y": -1, "parts": [ "frame_vertical", "hdhalfboard_vertical" ] },
      { "x": -7, "y": 1, "parts": [ "frame_se", "hdhalfboard_se" ] },
      { "x": -7, "y": -1, "parts": [ "frame_sw", "hdhalfboard_sw" ] }
    ],
    "items": [
      { "x": -1, "y": 0, "chance": 7, "item_groups": [ "drugs_soldier" ] },
      { "x": -1, "y": 0, "chance": 10, "item_groups": [ "drugs_soldier" ] },
      { "x": -1, "y": 0, "chance": 10, "item_groups": [ "MRE", "MRE" ] },
      { "x": -1, "y": 0, "chance": 10, "item_groups": [ "MRE", "MRE" ] },
      { "x": -1, "y": 0, "chance": 5, "item_groups": [ "MRE", "MRE" ] },
      { "x": -1, "y": 0, "chance": 10, "items": [ "canteen" ] },
      { "x": -1, "y": 0, "chance": 10, "item_groups": [ "ammo_light_batteries_full" ] },
      { "x": -1, "y": 0, "chance": 10, "items": [ "mag_fieldrepair" ] },
      { "x": -1, "y": 0, "chance": 15, "items": [ "e_scrap" ] },
      { "x": -1, "y": 0, "chance": 7, "items": [ "screwdriver" ] },
      { "x": -1, "y": 0, "chance": 7, "items": [ "wrench" ] },
      { "x": 0, "y": 0, "chance": 5, "items": [ "screwdriver_set" ] },
      { "x": 0, "y": 0, "chance": 10, "items": [ "knife_combat" ] },
      { "x": 0, "y": 0, "chance": 5, "ammo": 90, "items": [ "ecig" ] }
    ]
  },
{
    "id": "militaryhelicopter_salvagedTHGassault",
    "type": "vehicle",
    "name": "Salvaged THG-Hellot Assault Helicopter",
    "blueprint": [
      [ "        t     " ],
      [ "       ||     " ],
      [ "--   -=---'+'-" ],
      [ " h------X=#_#'" ],
      [ "--   -=---'+'-" ],
      [ "       ||     " ],
      [ "        t     " ]
    ],
    "parts": [
      {
        "x": 0,
        "y": 0,
        "parts": [ "frame_cross", "seat", "seatbelt_heavyduty", "roof" ]
      },
      { "x": 0, "y": 1, "parts": [ "xlframe_vertical", "hdhalfboard_ne" ] },
      { "x": 0, "y": -1, "parts": [ "xlframe_vertical", "hdhalfboard_nw" ] },
      { "x": 1, "y": 0, "parts": [ "xlframe_cross", "roof" ] },
      { "x": 1, "y": 1, "parts": [ "xlframe_vertical", "reinforced_windshield" ] },
      { "x": 1, "y": -1, "parts": [ "xlframe_vertical", "reinforced_windshield" ] },
      {
        "x": -1,
        "y": 0,
        "parts": [ "frame_cross", "roof" ]
      },
      { "x": -1, "y": 1, "parts": [ "frame_ne"  ] },
      { "x": -1, "y": -1, "parts": [ "frame_nw", "hdstowboard_nw" ] },
      { "x": -2, "y": 0, "parts": [ "frame_vertical", "hdstowboard_horizontal", "heavy_duty_military_rotor", "roof" ] },
      { "x": -2, "y": 1, "parts": [ "frame_vertical", "hdboard_vertical" ] },
      { "x": -1, "y": 2, "parts": [ "frame_horizontal"  ] },
      { "x": -1, "y": 3, "parts": [ "frame_horizontal_2", "turret_mount" ] },
      { "x": -2, "y": -1, "parts": [ "frame_vertical", "hdboard_vertical" ] },
      { "x": -1, "y": -2, "parts": [ "frame_horizontal"  ] },
      { "x": -1, "y": -3, "parts": [ "frame_horizontal_2", "turret_mount" ] },
      { "x": -1, "y": -3, "part": "mounted_micromissilelauncher", "ammo": 45, "ammo_qty": [ 1, 18 ] },
      { "x": -3, "y": 0, "parts": [ "frame_vertical", "hdstowboard_horizontal", "engine_turbine_small", "alternator_car", "medium_storage_battery" ] },
      { "x": -2, "y": 2, "parts": [ "frame_horizontal",  "tank_55gal_drum","hdboard_horizontal" ] },
      { "x": -2, "y": -2, "parts": [ "frame_horizontal", "tank_55gal_drum", "hdboard_horizontal" ] },
      { "x": -4, "y": 0, "parts": [ "frame_horizontal", "hdboard_vertical", "storage_battery" ] },
      { "x": -3, "y": 1, "parts": [ "frame_se", "hdboard_se" ] },
      { "x": -3, "y": -1, "parts": [ "frame_sw", "hdboard_sw" ] },
      { "x": -5, "y": 0, "parts": [ "frame_vertical", "hdhalfboard_vertical" ] },
      { "x": -6, "y": 0, "parts": [ "frame_vertical_2", "hdhalfboard_vertical_2" ] },
      { "x": -6, "y": 1, "parts": [ "frame_vertical"  ] },
      { "x": -6, "y": -1, "parts": [ "frame_vertical", "hdhalfboard_vertical" ] },
      { "x": -7, "y": 1, "parts": [ "frame_se", "hdhalfboard_se" ] },
      { "x": -7, "y": -1, "parts": [ "frame_sw", "hdhalfboard_sw" ] }
    ]
  },
 {
    "id": "civilianhelicopter_Gyrocopter",
    "type": "vehicle",
    "name": "Gyrocopter",
    "parts": [
      { "x": -1, "y": 0, "part": "xlframe_vertical" },
      { "x": -2, "y": 0, "part": "xlframe_vertical" },
      { "x": -1, "y": 1, "part": "xlframe_horizontal" },
      { "x": -1, "y": -1, "part": "xlframe_horizontal" },
      { "x": 0, "y": 0, "part": "xlframe_cross" },
      { "x": -3, "y": 0, "part": "xlframe_cross" },
      { "x": 0, "y": 0, "part": "seat" },
      { "x": 0, "y": 0, "part": "controls" },
      { "x": -1, "y": 0, "part": "seat" },
      { "x": -1, "y": 0, "part": "engine_inline4" },
      { "x": -1, "y": 0, "part": "alternator_motorbike" },
      { "x": -2, "y": 0, "part": "tank", "fuel": "gasoline" },
      { "x": 0, "y": 0, "part": "small_storage_battery" },
      { "x": -1, "y": 0, "part": "roof" },
      { "x": 0, "y": 0, "part": "roof" },
      { "x": -1, "y": 0, "part": "tiny_civilian_rotors" }
    ],
    "items": [
      { "x": 0, "y": 0, "chance": 100, "items": [ "caff_gum" ] },
      { "x": 0, "y": 0, "chance": 100, "items": [ "roadmap" ] }
    ]
  },
 {
    "id": "civilianhelicopter_SolarGyrocopter",
    "type": "vehicle",
    "name": "Solar Gyrocopter",
    "parts": [
      { "x": 1, "y": 0, "part": "xlframe_vertical" },
      { "x": 0, "y": 0, "part": "xlframe_vertical" },
      { "x": 0, "y": 1, "part": "xlframe_horizontal" },
      { "x": 0, "y": -1, "part": "xlframe_horizontal" },
      { "x": 0, "y": 1, "part": "solar_panel_v2" },
      { "x": 0, "y": -1, "part": "solar_panel_v2" },
      { "x": -1, "y": 0, "part": "xlframe_vertical" },
      { "x": -2, "y": 0, "part": "xlframe_cross" },
      { "x": -2, "y": 1, "part": "xlframe_ne" },
      { "x": -2, "y": -1, "part": "xlframe_nw" },
      { "x": 1, "y": 0, "part": "windshield" },
      { "x": 0, "y": 0, "part": "seat" },
      { "x": 0, "y": 0, "part": "controls" },
      { "x": 0, "y": 0, "part": "engine_mediumelectric" },
      { "x": 1, "y": 0, "part": "storage_battery" },
      { "x": 0, "y": 0, "part": "roof" },
      { "x": 0, "y": 0, "part": "tiny_civilian_rotors" }
    ],
    "items": [
      { "x": 0, "y": 0, "chance": 100, "items": [ "caff_gum" ] },
      { "x": 0, "y": 0, "chance": 100, "items": [ "roadmap" ] }
    ]
  },
 {
    "id": "survivorhelicopter_PredatorGyrocopter",
    "type": "vehicle",
    "name": "Predator Gyrocopter",
    "parts": [
      { "x": -1, "y": 0, "part": "xlframe_vertical" },
      { "x": -2, "y": 0, "part": "xlframe_vertical" },
      { "x": -1, "y": 1, "part": "xlframe_horizontal" },
      { "x": -1, "y": -1, "part": "xlframe_horizontal" },
      { "x": 0, "y": 0, "part": "xlframe_cross" },
      { "x": 0, "y": 0, "part": "reinforced_windshield" },
      { "x": -3, "y": 0, "part": "xlframe_cross" },
      { "x": -1, "y": 0, "part": "controls" },
      { "x": -1, "y": 0, "part": "seat" },
      { "x": -1, "y": 0, "part": "engine_v6" },
      { "x": -1, "y": 0, "part": "alternator_motorbike" },
      { "x": -2, "y": 0, "part": "tank", "fuel": "gasoline" },
      { "x": 0, "y": 0, "part": "small_storage_battery" },
      { "x": -1, "y": 0, "part": "roof" },
      { "x": 0, "y": 0, "part": "roof" },
      { "x": -1, "y": 0, "part": "tiny_civilian_rotors" },
	  {
        "y": 0,
        "x": 0,
        "parts": [ "turret_mount", { "part": "m249", "ammo": 100, "ammo_qty": [ 28, 305 ] } ]
      }
    ],
    "items": [
      { "x": -1, "y": 0, "chance": 100, "items": [ "caff_gum" ] },
      { "x": -1, "y": 0, "chance": 100, "items": [ "roadmap" ] }
    ]
  },
 {
    "id": "survivorhelicopter_Volare",
    "type": "vehicle",
    "name": "Volare Pyromaniac Ultralight 2-seat helicopter",
    "parts": [
      { "x": 1, "y": 0, "part": "xlframe_cross" },
      { "x": 1, "y": -1, "part": "xlframe_cross" },
      { "x": 1, "y": 1, "part": "xlframe_cross" },
      { "x": 0, "y": 0, "part": "xlframe_vertical" },
      { "x": 0, "y": 0, "part": "roof" },
      { "x": 0, "y": 1, "part": "xlframe_vertical" },
      { "x": 0, "y": -1, "part": "xlframe_horizontal" },
      { "x": -1, "y": 0, "part": "xlframe_horizontal" },
      { "x": -1, "y": 1, "part": "xlframe_horizontal" },
      { "x": -1, "y": -1, "part": "xlframe_horizontal" },
      { "x": 0, "y": 2, "parts": [ "hdframe_horizontal_2", "turret_mount",{"part": "mounted_narrenkanone", "ammo": 4, "ammo_types": [ "explosive_hm_hv_rocket" ] } ] },
      { "x": 0, "y": -2, "parts": [ "hdframe_horizontal_2", "turret_mount",{"part": "mounted_narrenkanone", "ammo": 4, "ammo_types": [ "explosive_hm_hv_rocket" ] } ] },
      { "x": -2, "y": 0, "part": "xlframe_cross" },
      { "x": -2, "y": 1, "part": "xlframe_horizontal" },
      { "x": -2, "y": -1, "part": "xlframe_horizontal" },
      { "x": -3, "y": 0, "part": "xlframe_vertical" },
      { "x": -4, "y": 0, "part": "xlframe_vertical" },
      { "x": -5, "y": 0, "part": "xlframe_cross" },
      { "x": -5, "y": -1, "part": "xlframe_nw" },
      { "x": -5, "y": 1, "part": "xlframe_ne" },
      { "x": 1, "y": 0, "part": "reinforced_windshield" },
      { "x": 0, "y": 0, "part": "controls" },
      { "x": 0, "y": 0, "part": "dashboard" },
      { "x": 0, "y": 0, "part": "seat" },
      { "x": 0, "y": 0, "part": "seatbelt" },
      { "x": -1, "y": 0, "part": "trunk" },
      { "x": -2, "y": 0, "part": "stowboard_horizontal" },
      { "x": -2, "y": 1, "part": "xlhalfboard_se" },
      { "x": -2, "y": -1, "part": "xlhalfboard_sw" },
      { "x": 0, "y": 1, "part": "reinforced_windshield" },
      { "x": 0, "y": -1, "part": "reinforced_windshield" },
      { "x": -1, "y": 1, "part": "door" },
      { "x": -1, "y": -1, "part": "door" },
      { "x": 1, "y": 1, "part": "xlhalfboard_ne" },
      { "x": 1, "y": -1, "part": "xlhalfboard_nw" },
      { "x": -2, "y": 0, "part": "engine_v12" },
      { "x": -2, "y": 0, "part": "alternator_car" },
      { "x": -2, "y": -1, "part": "tank", "fuel": "gasoline" },
      { "x": -2, "y": 1, "part": "tank", "fuel": "gasoline" },
      { "x": 1, "y": 0, "part": "medium_storage_battery" },
      { "x": -1, "y": 0, "part": "roof" },
      { "x": -2, "y": 0, "part": "roof" },
      { "x": -1, "y": 0, "part": "tiny_civilian_rotors" }
    ],
    "items": [
      { "x": 0, "y": 0, "chance": 100, "items": [ "caff_gum" ] },
      { "x": -1, "y": 0, "chance": 75, "items": [ "explosive_hm_hv_rocket" ] },
      { "x": -1, "y": 0, "chance": 75, "items": [ "explosive_hm_hv_rocket" ] },
      { "x": -1, "y": 0, "chance": 65, "items": [ "explosive_hm_hv_rocket" ] },
      { "x": -1, "y": 0, "chance": 65, "items": [ "explosive_hm_hv_rocket" ] },
      { "x": -1, "y": 0, "chance": 55, "items": [ "explosive_hm_hv_rocket" ] },
      { "x": -1, "y": 0, "chance": 55, "items": [ "explosive_hm_hv_rocket" ] },
      { "x": -1, "y": 0, "chance": 55, "items": [ "explosive_hm_hv_rocket" ] },
      { "x": -1, "y": 0, "chance": 35, "items": [ "explosive_hm_hv_rocket" ] },
      { "x": -1, "y": 0, "chance": 35, "items": [ "explosive_hm_hv_rocket" ] },
      { "x": -1, "y": 0, "chance": 35, "items": [ "explosive_hm_hv_rocket" ] },
      { "x": -1, "y": 0, "chance": 35, "items": [ "explosive_hm_hv_rocket" ] },
      { "x": -1, "y": 0, "chance": 35, "items": [ "explosive_hm_hv_rocket" ] },
      { "x": -1, "y": 0, "chance": 35, "items": [ "explosive_hm_hv_rocket" ] },
      { "x": 0, "y": 0, "chance": 100, "items": [ "roadmap" ] }
    ]
  },
 {
    "id": "civilianhelicopter_Volare",
    "type": "vehicle",
    "name": "Volare Ultralight 2-seat helicopter",
    "parts": [
      { "x": 1, "y": 0, "part": "xlframe_cross" },
      { "x": 1, "y": -1, "part": "xlframe_cross" },
      { "x": 1, "y": 1, "part": "xlframe_cross" },
      { "x": 0, "y": 0, "part": "xlframe_vertical" },
      { "x": 0, "y": 0, "part": "roof" },
      { "x": 0, "y": 1, "part": "xlframe_vertical" },
      { "x": 0, "y": -1, "part": "xlframe_horizontal" },
      { "x": -1, "y": 0, "part": "xlframe_horizontal" },
      { "x": -1, "y": 1, "part": "xlframe_horizontal" },
      { "x": -1, "y": -1, "part": "xlframe_horizontal" },
      { "x": -2, "y": 0, "part": "xlframe_cross" },
      { "x": -2, "y": 1, "part": "xlframe_horizontal" },
      { "x": -2, "y": -1, "part": "xlframe_horizontal" },
      { "x": -3, "y": 0, "part": "xlframe_vertical" },
      { "x": -4, "y": 0, "part": "xlframe_vertical" },
      { "x": -5, "y": 0, "part": "xlframe_cross" },
      { "x": -5, "y": -1, "part": "xlframe_nw" },
      { "x": -5, "y": 1, "part": "xlframe_ne" },
      { "x": 1, "y": 0, "part": "windshield" },
      { "x": 0, "y": 0, "part": "controls" },
      { "x": 0, "y": 0, "part": "dashboard" },
      { "x": 0, "y": 0, "part": "seat" },
      { "x": 0, "y": 0, "part": "seatbelt" },
      { "x": -1, "y": 0, "part": "seat" },
      { "x": -1, "y": 0, "part": "seatbelt" },
      { "x": -2, "y": 0, "part": "stowboard_horizontal" },
      { "x": -2, "y": 1, "part": "xlhalfboard_se" },
      { "x": -2, "y": -1, "part": "xlhalfboard_sw" },
      { "x": 0, "y": 1, "part": "windshield_se" },
      { "x": 0, "y": -1, "part": "windshield_sw" },
      { "x": -1, "y": 1, "part": "door" },
      { "x": -1, "y": -1, "part": "door" },
      { "x": 1, "y": 1, "part": "xlhalfboard_ne" },
      { "x": 1, "y": -1, "part": "xlhalfboard_nw" },
      { "x": -2, "y": 0, "part": "engine_v8" },
      { "x": -2, "y": 0, "part": "alternator_car" },
      { "x": -2, "y": -1, "part": "tank", "fuel": "gasoline" },
      { "x": -2, "y": 1, "part": "tank", "fuel": "gasoline" },
      { "x": 1, "y": 0, "part": "medium_storage_battery" },
      { "x": -1, "y": 0, "part": "roof" },
      { "x": -2, "y": 0, "part": "roof" },
      { "x": -1, "y": 0, "part": "tiny_civilian_rotors" }
    ],
    "items": [
      { "x": 0, "y": 0, "chance": 100, "items": [ "caff_gum" ] },
      { "x": 0, "y": 0, "chance": 100, "items": [ "roadmap" ] }
    ]
  },
  {
    "id": "militaryhelicopter_THGtransport",
    "type": "vehicle",
    "name": "THG Twinbrook Dual-rotor Transport Helicopter",
    "parts": [
      { "x": 2, "y": 0, "part": "xlframe_nw" },
      { "x": 2, "y": 0, "part": "wide_headlight" },
      { "x": 2, "y": 1, "part": "xlframe_horizontal" },
      { "x": 2, "y": 2, "part": "xlframe_ne" },
      { "x": 1, "y": 0, "part": "xlframe_horizontal" },
      { "x": 1, "y": 1, "part": "xlframe_horizontal" },
      { "x": 1, "y": 2, "part": "xlframe_horizontal" },
      { "x": 1, "y": 3, "part": "xlframe_ne" },
      { "x": 1, "y": -1, "part": "xlframe_nw" },
      { "x": 0, "y": 0, "part": "xlframe_cross" },
      { "x": 0, "y": 1, "part": "xlframe_cross" },
      { "x": 0, "y": 2, "part": "xlframe_cross" },
      { "x": 0, "y": 3, "part": "xlframe_vertical" },
      { "x": 0, "y": -1, "part": "xlframe_vertical" },
      { "x": -1, "y": 0, "part": "xlframe_cross" },
      { "x": -1, "y": 1, "part": "xlframe_cross" },
      { "x": -1, "y": 2, "part": "xlframe_cross" },
      { "x": -1, "y": 3, "part": "xlframe_vertical" },
      { "x": -1, "y": -1, "part": "xlframe_vertical" },
      { "x": -2, "y": 0, "part": "xlframe_cross" },
      { "x": -2, "y": 1, "part": "xlframe_cross" },
      { "x": -2, "y": 2, "part": "xlframe_cross" },
      { "x": -2, "y": 3, "part": "xlframe_vertical" },
      { "x": -2, "y": -1, "part": "xlframe_cross" },
      { "x": -3, "y": 0, "part": "xlframe_cross" },
      { "x": -3, "y": 1, "part": "xlframe_cross" },
      { "x": -3, "y": 2, "part": "xlframe_cross" },
      { "x": -3, "y": 3, "part": "xlframe_vertical" },
      { "x": -3, "y": -1, "part": "xlframe_vertical" },
      { "x": -4, "y": 0, "part": "xlframe_cross" },
      { "x": -4, "y": 1, "part": "xlframe_cross" },
      { "x": -4, "y": 2, "part": "xlframe_cross" },
      { "x": -4, "y": 3, "part": "xlframe_vertical" },
      { "x": -4, "y": -1, "part": "xlframe_vertical" },
	  { "x": -5, "y": 0, "part": "xlframe_cross" },
      { "x": -5, "y": 1, "part": "xlframe_cross" },
      { "x": -5, "y": 2, "part": "xlframe_cross" },
      { "x": -5, "y": 3, "part": "xlframe_vertical" },
      { "x": -5, "y": -1, "part": "xlframe_vertical" },
	  { "x": -6, "y": 0, "part": "xlframe_cross" },
      { "x": -6, "y": 1, "part": "xlframe_cross" },
      { "x": -6, "y": 2, "part": "xlframe_cross" },
      { "x": -6, "y": 3, "part": "xlframe_vertical" },
      { "x": -6, "y": -1, "part": "xlframe_vertical" },
	  { "x": -7, "y": 0, "part": "xlframe_cross" },
      { "x": -7, "y": 1, "part": "xlframe_cross" },
      { "x": -7, "y": 2, "part": "xlframe_cross" },
      { "x": -7, "y": 3, "part": "xlframe_vertical" },
      { "x": -7, "y": -1, "part": "xlframe_vertical" },
      { "x": -8, "y": -1, "part": "xlframe_cross" },
      { "x": -8, "y": 0, "part": "xlframe_cross" },
      { "x": -8, "y": 1, "part": "xlframe_cross" },
      { "x": -8, "y": 2, "part": "xlframe_cross" },
      { "x": -8, "y": 3, "part": "xlframe_cross" },
      { "x": -9, "y": 0, "part": "xlframe_ne" },
      { "x": -9, "y": 1, "part": "xlframe_vertical_2" },
      { "x": -9, "y": 2, "part": "xlframe_nw" },
      { "x": -9, "y": 3, "part": "xlframe_se" },
      { "x": -9, "y": -1, "part": "xlframe_sw" },
      { "x": -9, "y": -2, "part": "xlframe_nw" },
      { "x": -9, "y": 4, "part": "xlframe_sw" },
      { "x": -10, "y": 1, "part": "xlframe_sw" },
      { "x": -10, "y": 2, "part": "xlframe_sw" },
      { "x": -10, "y": 0, "part": "xlframe_horizontal" },
      { "x": -10, "y": -1, "part": "xlframe_sw" },
      { "x": -10, "y": -2, "part": "xlframe_horizontal" },
      { "x": -11, "y": -2, "part": "xlframe_horizontal" },
      { "x": -10, "y": 3, "part": "xlframe_sw" },
      { "x": -10, "y": 4, "part": "xlframe_horizontal" },
      { "x": -11, "y": -1, "part": "xlframe_horizontal" },
      { "x": -11, "y": 0, "part": "hdframe_horizontal" },
      { "x": -11, "y": 1, "part": "hdframe_horizontal" },
      { "x": -11, "y": 2, "part": "hdframe_horizontal" },
      { "x": -11, "y": 4, "part": "xlframe_horizontal" },
      { "x": -11, "y": 3, "part": "xlframe_horizontal" },
	  { "x": 2, "y": 0, "part": "hdhalfboard_nw" },
      { "x": 2, "y": 1, "part": "hdhalfboard_horizontal" },
      { "x": 2, "y": 2, "part": "hdhalfboard_ne" },
      { "x": 1, "y": 0, "part": "reinforced_windshield" },
      { "x": 1, "y": 1, "part": "reinforced_windshield" },
      { "x": 1, "y": 2, "part": "reinforced_windshield" },
      { "x": 1, "y": 3, "part": "hdhalfboard_ne" },
      { "x": 1, "y": -1, "part": "hdhalfboard_nw" },
      { "x": 0, "y": 0, "part": "black_box" },
      { "x": 0, "y": 0, "part": "controls" },
      { "x": 0, "y": 0, "part": "dashboard" },
      { "x": 0, "y": 0, "part": "roof" },
      { "x": 0, "y": 0, "part": "seat" },
      { "x": 0, "y": 0, "part": "seatbelt" },
      { "x": 0, "y": 1, "part": "aisle_vertical" },
      { "x": 0, "y": 1, "part": "storage_battery" },
      { "x": 0, "y": 1, "part": "roof" },
      { "x": 0, "y": 2, "part": "controls" },
      { "x": 0, "y": 2, "part": "dashboard" },
      { "x": 0, "y": 2, "part": "roof" },
      { "x": 0, "y": 2, "part": "seat" },
      { "x": 0, "y": 2, "part": "seatbelt" },
      { "x": 0, "y": 3, "part": "reinforced_windshield" },
      { "x": 0, "y": -1, "part": "reinforced_windshield" },
      { "x": -1, "y": 0, "part": "roof" },
      { "x": -1, "y": 0, "part": "hdstowboard_horizontal" },
      { "x": -1, "y": 1, "part": "hdhatch" },
      { "x": -1, "y": 1, "part": "roof" },
      { "x": -1, "y": 2, "part": "roof" },
      { "x": -1, "y": 2, "part": "hdstowboard_horizontal" },
      { "x": -1, "y": 3, "part": "hdboard_vertical" },
      { "x": -1, "y": -1, "part": "hdboard_vertical" },
      { "x": -2, "y": 0, "part": "aisle_vertical" },
      { "x": -2, "y": 0, "part": "roof" },
      { "x": -2, "y": 1, "part": "aisle_lights" },
      { "x": -2, "y": 1, "part": "seat" },
      { "x": -2, "y": 1, "part": "roof" },
      { "x": -2, "y": 2, "part": "aisle_vertical" },
      { "x": -2, "y": 2, "part": "roof" },
      { "x": -2, "y": 3, "part": "hdhatch_right" },
      { "x": -2, "y": 3, "part": "roof" },
      { "x": -2, "y": -1, "part": "hdhatch_left" },
      { "x": -2, "y": -1, "part": "roof" },
      { "x": -3, "y": 0, "part": "roof" },
      { "x": -3, "y": 0, "part": "aisle_vertical" },
      { "x": -3, "y": 1, "part": "aisle_vertical" },
      { "x": -3, "y": 1, "part": "roof" },
      { "x": -3, "y": 2, "part": "roof" },
      { "x": -3, "y": 2, "part": "aisle_vertical" },
      { "x": -3, "y": 3, "part": "hdhatch_right" },
      { "x": -3, "y": 3, "part": "roof" },
      { "x": -1, "y": 3, "part": "tank_55gal_drum", "fuel": "jp8" },
      { "x": -3, "y": -1, "part": "hdhatch_left" },
      { "x": -3, "y": -1, "part": "roof" },
      { "x": -1, "y": -1, "part": "tank_55gal_drum", "fuel": "jp8" },
      { "x": -4, "y": 0, "part": "roof" },
      { "x": -4, "y": 0, "part": "seat" },
      { "x": -4, "y": 0, "part": "seatbelt" },
      { "x": -4, "y": 1, "part": "aisle_lights" },
      { "x": -4, "y": 1, "part": "aisle_vertical" },
      { "x": -4, "y": 1, "part": "roof" },
      { "x": -4, "y": 2, "part": "roof" },
      { "x": -4, "y": 2, "part": "seat" },
      { "x": -4, "y": 2, "part": "seatbelt" },
      { "x": -4, "y": 3, "part": "hdboard_vertical" },
      { "x": -4, "y": 3, "part": "roof" },
      { "x": -4, "y": 3, "part": "tank_55gal_drum", "fuel": "jp8" },
      { "x": -4, "y": -1, "part": "hdboard_vertical" },
      { "x": -4, "y": -1, "part": "roof" },
      { "x": -4, "y": -1, "part": "tank_55gal_drum", "fuel": "jp8" },
      { "x": -5, "y": 0, "part": "roof" },
      { "x": -5, "y": 0, "part": "seat" },
      { "x": -5, "y": 0, "part": "seatbelt" },
      { "x": -5, "y": 1, "part": "aisle_lights" },
      { "x": -5, "y": 1, "part": "aisle_vertical" },
      { "x": -5, "y": 1, "part": "roof" },
      { "x": -5, "y": 2, "part": "roof" },
      { "x": -5, "y": 2, "part": "seat" },
      { "x": -5, "y": 2, "part": "seatbelt" },
      { "x": -5, "y": 3, "part": "reinforced_windshield" },
      { "x": -5, "y": 3, "part": "roof" },
      { "x": -5, "y": -1, "part": "reinforced_windshield" },
      { "x": -5, "y": -1, "part": "roof" },
      { "x": -6, "y": 0, "part": "roof" },
      { "x": -6, "y": 0, "part": "seat" },
      { "x": -6, "y": 0, "part": "seatbelt" },
      { "x": -6, "y": 1, "part": "aisle_lights" },
      { "x": -6, "y": 1, "part": "aisle_vertical" },
      { "x": -6, "y": 1, "part": "roof" },
      { "x": -6, "y": 2, "part": "roof" },
      { "x": -6, "y": 2, "part": "seat" },
      { "x": -6, "y": 2, "part": "seatbelt" },
      { "x": -6, "y": 3, "part": "hdboard_vertical" },
      { "x": -6, "y": 3, "part": "roof" },
      { "x": -6, "y": -1, "part": "hdboard_vertical" },
      { "x": -6, "y": -1, "part": "roof" },
      { "x": -7, "y": 0, "part": "roof" },
      { "x": -7, "y": 0, "part": "seat" },
      { "x": -7, "y": 0, "part": "seatbelt" },
      { "x": -7, "y": 1, "part": "aisle_lights" },
      { "x": -7, "y": 1, "part": "aisle_vertical" },
      { "x": -8, "y": 1, "part": "heavy_duty_military_blackhawk_rotors" },
      { "x": -7, "y": 1, "part": "roof" },
      { "x": -7, "y": 2, "part": "roof" },
      { "x": -7, "y": 2, "part": "seat" },
      { "x": -7, "y": 2, "part": "seatbelt" },
      { "x": -7, "y": 3, "part": "hdboard_vertical" },
      { "x": -7, "y": 3, "part": "roof" },
      { "x": -7, "y": -1, "part": "hdboard_vertical" },
      { "x": -7, "y": -1, "part": "roof" },
      { "x": -8, "y": -1, "part": "reinforced_windshield" },
      { "x": -8, "y": -1, "part": "roof" },
      { "x": -8, "y": 0, "part": "engine_turbine_medium" },
      { "x": -8, "y": 0, "part": "alternator_truck" },
      { "x": -8, "y": 0, "part": "roof" },
      { "x": -8, "y": 0, "part": "seat" },
      { "x": -8, "y": 0, "part": "seatbelt" },
      { "x": -8, "y": 1, "part": "aisle_vertical" },
      { "x": -8, "y": 1, "part": "roof" },
      { "x": -8, "y": 2, "part": "engine_turbine_medium" },
      { "x": -8, "y": 2, "part": "alternator_truck" },
      { "x": -8, "y": 2, "part": "roof" },
      { "x": -8, "y": 2, "part": "seat" },
      { "x": -8, "y": 2, "part": "seatbelt" },
      { "x": -8, "y": 3, "part": "reinforced_windshield" },
      { "x": -8, "y": 3, "part": "roof" },
      { "x": -9, "y": 3, "part": "hdboard_vertical" },
      { "x": -9, "y": 3, "part": "roof" },
      { "x": -9, "y": 3, "part": "tank_55gal_drum", "fuel": "jp8" },
      { "x": -9, "y": -1, "part": "hdboard_vertical" },
      { "x": -9, "y": -1, "part": "roof" },
      { "x": -9, "y": -1, "part": "tank_55gal_drum", "fuel": "jp8" },
      { "x": -9, "y": 0, "part": "roof" },
      { "x": -9, "y": 1, "part": "roof" },
      { "x": -9, "y": 2, "part": "roof" },
      { "x": -9, "y": 0, "part": "aisle_vertical" },
      { "x": -9, "y": 1, "part": "aisle_vertical" },
      { "x": -9, "y": 2, "part": "aisle_vertical" },
      { "x": -10, "y": 0, "part": "hdhatch" },
      { "x": -10, "y": 1, "part": "hdhatch" },
      { "x": -10, "y": 2, "part": "hdhatch" },
      { "x": -10, "y": -1, "part": "hdhalfboard_vertical" },
      { "x": -10, "y": -2, "part": "hdhalfboard_nw" },
      { "x": -9, "y": -2, "part": "hdhalfboard_vertical_2" },
      { "x": -11, "y": -1, "part": "hdhalfboard_horizontal" },
      { "x": -11, "y": -2, "part": "hdhalfboard_horizontal" },
      { "x": -10, "y": 3, "part": "hdhalfboard_vertical" },
      { "x": -10, "y": 4, "part": "hdhalfboard_ne" },
      { "x": -9, "y": 4, "part": "hdhalfboard_vertical_2" },
      { "x": -11, "y": 4, "part": "hdhalfboard_horizontal" },
      { "x": -11, "y": 3, "part": "hdhalfboard_horizontal" },
      { "x": 0, "y": 1, "part": "heavy_duty_military_blackhawk_rotors" }
  ]},  {
    "id": "militaryhelicopter_THGcargo",
    "type": "vehicle",
    "name": "THG Twinbrook Dual-rotor Cargo Helicopter",
    "parts": [
      { "x": 2, "y": 0, "part": "xlframe_nw" },
      { "x": 2, "y": 0, "part": "wide_headlight" },
      { "x": 2, "y": 1, "part": "xlframe_horizontal" },
      { "x": 2, "y": 2, "part": "xlframe_ne" },
      { "x": 1, "y": 0, "part": "xlframe_horizontal" },
      { "x": 1, "y": 1, "part": "xlframe_horizontal" },
      { "x": 1, "y": 2, "part": "xlframe_horizontal" },
      { "x": 1, "y": 3, "part": "xlframe_ne" },
      { "x": 1, "y": -1, "part": "xlframe_nw" },
      { "x": 0, "y": 0, "part": "xlframe_cross" },
      { "x": 0, "y": 1, "part": "xlframe_cross" },
      { "x": 0, "y": 2, "part": "xlframe_cross" },
      { "x": 0, "y": 3, "part": "xlframe_vertical" },
      { "x": 0, "y": -1, "part": "xlframe_vertical" },
      { "x": -1, "y": 0, "part": "xlframe_cross" },
      { "x": -1, "y": 1, "part": "xlframe_cross" },
      { "x": -1, "y": 2, "part": "xlframe_cross" },
      { "x": -1, "y": 3, "part": "xlframe_vertical" },
      { "x": -1, "y": -1, "part": "xlframe_vertical" },
      { "x": -2, "y": 0, "part": "xlframe_cross" },
      { "x": -2, "y": 1, "part": "xlframe_cross" },
      { "x": -2, "y": 2, "part": "xlframe_cross" },
      { "x": -2, "y": 3, "part": "xlframe_vertical" },
      { "x": -2, "y": -1, "part": "xlframe_cross" },
      { "x": -3, "y": 0, "part": "xlframe_cross" },
      { "x": -3, "y": 1, "part": "xlframe_cross" },
      { "x": -3, "y": 2, "part": "xlframe_cross" },
      { "x": -3, "y": 3, "part": "xlframe_vertical" },
      { "x": -3, "y": -1, "part": "xlframe_vertical" },
      { "x": -4, "y": 0, "part": "xlframe_cross" },
      { "x": -4, "y": 1, "part": "xlframe_cross" },
      { "x": -4, "y": 2, "part": "xlframe_cross" },
      { "x": -4, "y": 3, "part": "xlframe_vertical" },
      { "x": -4, "y": -1, "part": "xlframe_vertical" },
	  { "x": -5, "y": 0, "part": "xlframe_cross" },
      { "x": -5, "y": 1, "part": "xlframe_cross" },
      { "x": -5, "y": 2, "part": "xlframe_cross" },
      { "x": -5, "y": 3, "part": "xlframe_vertical" },
      { "x": -5, "y": -1, "part": "xlframe_vertical" },
	  { "x": -6, "y": 0, "part": "xlframe_cross" },
      { "x": -6, "y": 1, "part": "xlframe_cross" },
      { "x": -6, "y": 2, "part": "xlframe_cross" },
      { "x": -6, "y": 3, "part": "xlframe_vertical" },
      { "x": -6, "y": -1, "part": "xlframe_vertical" },
	  { "x": -7, "y": 0, "part": "xlframe_cross" },
      { "x": -7, "y": 1, "part": "xlframe_cross" },
      { "x": -7, "y": 2, "part": "xlframe_cross" },
      { "x": -7, "y": 3, "part": "xlframe_vertical" },
      { "x": -7, "y": -1, "part": "xlframe_vertical" },
      { "x": -8, "y": -1, "part": "xlframe_cross" },
      { "x": -8, "y": 0, "part": "xlframe_cross" },
      { "x": -8, "y": 1, "part": "xlframe_cross" },
      { "x": -8, "y": 2, "part": "xlframe_cross" },
      { "x": -8, "y": 3, "part": "xlframe_cross" },
      { "x": -9, "y": 0, "part": "xlframe_ne" },
      { "x": -9, "y": 1, "part": "xlframe_vertical_2" },
      { "x": -9, "y": 2, "part": "xlframe_nw" },
      { "x": -9, "y": 3, "part": "xlframe_se" },
      { "x": -9, "y": -1, "part": "xlframe_sw" },
      { "x": -9, "y": -2, "part": "xlframe_nw" },
      { "x": -9, "y": 4, "part": "xlframe_sw" },
      { "x": -10, "y": 1, "part": "xlframe_sw" },
      { "x": -10, "y": 2, "part": "xlframe_sw" },
      { "x": -10, "y": 0, "part": "xlframe_horizontal" },
      { "x": -10, "y": -1, "part": "xlframe_sw" },
      { "x": -10, "y": -2, "part": "xlframe_horizontal" },
      { "x": -11, "y": -2, "part": "xlframe_horizontal" },
      { "x": -10, "y": 3, "part": "xlframe_sw" },
      { "x": -10, "y": 4, "part": "xlframe_horizontal" },
      { "x": -11, "y": -1, "part": "xlframe_horizontal" },
      { "x": -11, "y": 0, "part": "hdframe_horizontal" },
      { "x": -11, "y": 1, "part": "hdframe_horizontal" },
      { "x": -11, "y": 2, "part": "hdframe_horizontal" },
      { "x": -11, "y": 4, "part": "xlframe_horizontal" },
      { "x": -11, "y": 3, "part": "xlframe_horizontal" },
	  { "x": 2, "y": 0, "part": "hdhalfboard_nw" },
      { "x": 2, "y": 1, "part": "hdhalfboard_horizontal" },
      { "x": 2, "y": 2, "part": "hdhalfboard_ne" },
      { "x": 1, "y": 0, "part": "reinforced_windshield" },
      { "x": 1, "y": 1, "part": "reinforced_windshield" },
      { "x": 1, "y": 2, "part": "reinforced_windshield" },
      { "x": 1, "y": 3, "part": "hdhalfboard_ne" },
      { "x": 1, "y": -1, "part": "hdhalfboard_nw" },
      { "x": 0, "y": 0, "part": "black_box" },
      { "x": 0, "y": 0, "part": "controls" },
      { "x": 0, "y": 0, "part": "dashboard" },
      { "x": 0, "y": 0, "part": "roof" },
      { "x": 0, "y": 0, "part": "seat" },
      { "x": 0, "y": 0, "part": "seatbelt" },
      { "x": 0, "y": 1, "part": "aisle_vertical" },
      { "x": 0, "y": 1, "part": "storage_battery" },
      { "x": 0, "y": 1, "part": "roof" },
      { "x": 0, "y": 2, "part": "controls" },
      { "x": 0, "y": 2, "part": "dashboard" },
      { "x": 0, "y": 2, "part": "roof" },
      { "x": 0, "y": 2, "part": "seat" },
      { "x": 0, "y": 2, "part": "seatbelt" },
      { "x": 0, "y": 3, "part": "reinforced_windshield" },
      { "x": 0, "y": -1, "part": "reinforced_windshield" },
      { "x": -1, "y": 0, "part": "roof" },
      { "x": -1, "y": 0, "part": "hdstowboard_horizontal" },
      { "x": -1, "y": 1, "part": "hdhatch" },
      { "x": -1, "y": 1, "part": "roof" },
      { "x": -1, "y": 2, "part": "roof" },
      { "x": -1, "y": 2, "part": "hdstowboard_horizontal" },
      { "x": -1, "y": 3, "part": "hdboard_vertical" },
      { "x": -1, "y": -1, "part": "hdboard_vertical" },
      { "x": -2, "y": 0, "part": "aisle_vertical" },
      { "x": -2, "y": 0, "part": "roof" },
      { "x": -2, "y": 1, "part": "aisle_lights" },
      { "x": -2, "y": 1, "part": "seat" },
      { "x": -2, "y": 1, "part": "roof" },
      { "x": -2, "y": 2, "part": "aisle_vertical" },
      { "x": -2, "y": 2, "part": "roof" },
      { "x": -2, "y": 3, "part": "hdhatch_right" },
      { "x": -2, "y": 3, "part": "roof" },
      { "x": -2, "y": -1, "part": "hdhatch_left" },
      { "x": -2, "y": -1, "part": "roof" },
      { "x": -3, "y": 0, "part": "roof" },
      { "x": -3, "y": 0, "part": "aisle_vertical" },
      { "x": -3, "y": 1, "part": "aisle_vertical" },
      { "x": -3, "y": 1, "part": "roof" },
      { "x": -3, "y": 2, "part": "roof" },
      { "x": -3, "y": 2, "part": "aisle_vertical" },
      { "x": -3, "y": 3, "part": "hdhatch_right" },
      { "x": -3, "y": 3, "part": "roof" },
      { "x": -1, "y": 3, "part": "tank_55gal_drum", "fuel": "jp8" },
      { "x": -3, "y": -1, "part": "hdhatch_left" },
      { "x": -3, "y": -1, "part": "roof" },
      { "x": -1, "y": -1, "part": "tank_55gal_drum", "fuel": "jp8" },
      { "x": -4, "y": 0, "part": "roof" },
      { "x": -4, "y": 0, "part": "cargo_space" },
      { "x": -4, "y": 1, "part": "aisle_lights" },
      { "x": -4, "y": 1, "part": "aisle_vertical" },
      { "x": -4, "y": 1, "part": "roof" },
      { "x": -4, "y": 2, "part": "roof" },
      { "x": -4, "y": 2, "part": "cargo_space" },
      { "x": -4, "y": 3, "part": "hdboard_vertical" },
      { "x": -4, "y": 3, "part": "roof" },
      { "x": -4, "y": 3, "part": "tank_55gal_drum", "fuel": "jp8" },
      { "x": -4, "y": -1, "part": "hdboard_vertical" },
      { "x": -4, "y": -1, "part": "roof" },
      { "x": -4, "y": -1, "part": "tank_55gal_drum", "fuel": "jp8" },
      { "x": -5, "y": 0, "part": "roof" },
      { "x": -5, "y": 0, "part": "cargo_space" },
      { "x": -5, "y": 1, "part": "aisle_lights" },
      { "x": -5, "y": 1, "part": "aisle_vertical" },
      { "x": -5, "y": 1, "part": "roof" },
      { "x": -5, "y": 2, "part": "roof" },
      { "x": -5, "y": 2, "part": "cargo_space" },
      { "x": -5, "y": 3, "part": "hdboard_vertical" },
      { "x": -5, "y": 3, "part": "roof" },
      { "x": -5, "y": -1, "part": "hdboard_vertical" },
      { "x": -5, "y": -1, "part": "roof" },
      { "x": -6, "y": 0, "part": "roof" },
      { "x": -6, "y": 0, "part": "cargo_space" },
      { "x": -6, "y": 1, "part": "aisle_lights" },
      { "x": -6, "y": 1, "part": "aisle_vertical" },
      { "x": -6, "y": 1, "part": "roof" },
      { "x": -6, "y": 2, "part": "roof" },
      { "x": -6, "y": 2, "part": "cargo_space" },
      { "x": -6, "y": 3, "part": "hdboard_vertical" },
      { "x": -6, "y": 3, "part": "roof" },
      { "x": -6, "y": -1, "part": "hdboard_vertical" },
      { "x": -6, "y": -1, "part": "roof" },
      { "x": -7, "y": 0, "part": "roof" },
      { "x": -7, "y": 0, "part": "cargo_space" },
      { "x": -7, "y": 1, "part": "aisle_lights" },
      { "x": -7, "y": 1, "part": "aisle_vertical" },
      { "x": -8, "y": 1, "part": "heavy_duty_military_blackhawk_rotors" },
      { "x": -7, "y": 1, "part": "roof" },
      { "x": -7, "y": 2, "part": "roof" },
      { "x": -7, "y": 2, "part": "cargo_space" },
      { "x": -7, "y": 3, "part": "hdboard_vertical" },
      { "x": -7, "y": 3, "part": "roof" },
      { "x": -7, "y": -1, "part": "hdboard_vertical" },
      { "x": -7, "y": -1, "part": "roof" },
      { "x": -8, "y": -1, "part": "hdboard_vertical" },
      { "x": -8, "y": -1, "part": "roof" },
      { "x": -8, "y": 0, "part": "engine_turbine_medium" },
      { "x": -8, "y": 0, "part": "alternator_truck" },
      { "x": -8, "y": 0, "part": "roof" },
      { "x": -8, "y": 0, "part": "cargo_space" },
      { "x": -8, "y": 1, "part": "aisle_vertical" },
      { "x": -8, "y": 1, "part": "roof" },
      { "x": -8, "y": 2, "part": "engine_turbine_large" },
      { "x": -8, "y": 2, "part": "alternator_truck" },
      { "x": -8, "y": 2, "part": "roof" },
      { "x": -8, "y": 2, "part": "cargo_space" },
      { "x": -8, "y": 3, "part": "hdboard_vertical" },
      { "x": -8, "y": 3, "part": "roof" },
      { "x": -9, "y": 3, "part": "hdboard_vertical" },
      { "x": -9, "y": 3, "part": "roof" },
      { "x": -9, "y": 3, "part": "tank_55gal_drum", "fuel": "jp8" },
      { "x": -9, "y": -1, "part": "hdboard_vertical" },
      { "x": -9, "y": -1, "part": "roof" },
      { "x": -9, "y": -1, "part": "tank_55gal_drum", "fuel": "jp8" },
      { "x": -9, "y": 0, "part": "roof" },
      { "x": -9, "y": 1, "part": "roof" },
      { "x": -9, "y": 2, "part": "roof" },
      { "x": -9, "y": 0, "part": "aisle_vertical" },
      { "x": -9, "y": 1, "part": "aisle_vertical" },
      { "x": -9, "y": 2, "part": "aisle_vertical" },
      { "x": -10, "y": 0, "part": "hdhatch" },
      { "x": -10, "y": 1, "part": "hdhatch" },
      { "x": -10, "y": 2, "part": "hdhatch" },
      { "x": -10, "y": -1, "part": "hdhalfboard_vertical" },
      { "x": -10, "y": -2, "part": "hdhalfboard_nw" },
      { "x": -9, "y": -2, "part": "hdhalfboard_vertical_2" },
      { "x": -11, "y": -1, "part": "hdhalfboard_horizontal" },
      { "x": -11, "y": -2, "part": "hdhalfboard_horizontal" },
      { "x": -10, "y": 3, "part": "hdhalfboard_vertical" },
      { "x": -10, "y": 4, "part": "hdhalfboard_ne" },
      { "x": -9, "y": 4, "part": "hdhalfboard_vertical_2" },
      { "x": -11, "y": 4, "part": "hdhalfboard_horizontal" },
      { "x": -11, "y": 3, "part": "hdhalfboard_horizontal" },
      { "x": 0, "y": 1, "part": "heavy_duty_military_blackhawk_rotors" }
  ]},
  {
    "id": "civilianhelicopter_skylark",
    "type": "vehicle",
    "name": "Skylark Luxury Helicopter",
    "parts": [ 
{ "x": 3, "y": 0, "part": "xlframe_ne" },
      { "x": 3, "y": 1, "part": "xlframe_ne" },
{ "x": 2, "y": 0, "part": "xlframe_ne" },
      { "x": 2, "y": 1, "part": "xlframe_ne" },
      { "x": 2, "y": 2, "part": "xlframe_ne" },
      { "x": 2, "y": -1, "part": "xlframe_nw" },
{ "x": 1, "y": -1, "part": "xlframe_ne" },
{ "x": 1, "y": 0, "part": "xlframe_ne" },
      { "x": 1, "y": 1, "part": "xlframe_ne" },
      { "x": 1, "y": 2, "part": "xlframe_ne" },
      { "x": 0, "y": 0, "part": "xlframe_cross" },
      { "x": 0, "y": 1, "part": "xlframe_cross" },
      { "x": 0, "y": 2, "part": "xlframe_vertical" },
      { "x": 0, "y": -1, "part": "xlframe_cross" },
      { "x": -1, "y": -1, "part": "xlframe_vertical" },
      { "x": -1, "y": 0, "part": "xlframe_cross" },
      { "x": -1, "y": 1, "part": "xlframe_cross" },
      { "x": -1, "y": 2, "part": "xlframe_vertical" },
      { "x": -2, "y": 0, "part": "xlframe_cross" },
      { "x": -2, "y": 1, "part": "xlframe_cross" },
      { "x": -2, "y": 2, "part": "xlframe_vertical" },
      { "x": -2, "y": -1, "part": "xlframe_vertical" },
      { "x": -2, "y": -1, "part": "board_vertical" },
      { "x": -3, "y": 0, "part": "xlframe_cross" },
      { "x": -3, "y": 1, "part": "xlframe_cross" },
      { "x": -3, "y": 2, "part": "xlframe_vertical" },
      { "x": -3, "y": -1, "part": "xlframe_vertical" },
      { "x": -4, "y": 0, "part": "xlframe_cross" },
      { "x": -4, "y": 1, "part": "xlframe_cross" },
      { "x": -4, "y": 2, "part": "xlframe_vertical" },
      { "x": -4, "y": -1, "part": "xlframe_vertical" },
      { "x": -5, "y": 0, "part": "xlframe_ne" },
      { "x": -5, "y": 1, "part": "xlframe_nw" },
      { "x": -5, "y": 2, "part": "xlframe_se" },
      { "x": -5, "y": -1, "part": "xlframe_sw" },
      { "x": -6, "y": 0, "part": "xlframe_sw" },
      { "x": -6, "y": 1, "part": "xlframe_se" },
      { "x": -7, "y": 0, "part": "xlframe_cover" },
      { "x": -7, "y": 1, "part": "xlframe_cover" },
      { "x": -8, "y": 1, "part": "xlframe_cover" },
      { "x": -8, "y": 0, "part": "xlframe_cover" },
      { "x": -8, "y": -1, "part": "xlframe_cover" },
      { "x": -8, "y": 2, "part": "xlframe_cover" },
      { "x": -7, "y": -1, "part": "xlframe_nw" },
      { "x": -7, "y": 2, "part": "xlframe_ne" },
      { "x": 1, "y": 2, "part": "windshield_ne" },
      { "x": 1, "y": -1, "part": "windshield_nw" },
	{ "x": 1, "y": 0, "part": "windshield" },
      { "x": 1, "y": 1, "part": "windshield" },
      { "x": 0, "y": 0, "part": "seat_leather" },
      { "x": 0, "y": 1, "part": "seat_leather" },
      { "x": 0, "y": 0, "part": "controls" },
      { "x": 0, "y": 0, "part": "dashboard" },
      { "x": 0, "y": 1, "part": "controls" },
      { "x": 0, "y": 1, "part": "dashboard" },
      { "x": -1, "y": 2, "part": "door_sliding" },
      { "x": -3, "y": 2, "part": "windshield" },
      { "x": -3, "y": -1, "part": "windshield" },
      { "x": -4, "y": -1, "part": "board_vertical" },
      { "x": -5, "y": -1, "part": "stowboard_sw" },
      { "x": -5, "y": 2, "part": "stowboard_se" },
      { "x": -4, "y": 2, "part": "board_vertical" },
      { "x": -2, "y": 1, "part": "aisle_vertical" },
      { "x": -3, "y": 1, "part": "aisle_vertical" },
      { "x": -4, "y": 1, "part": "seat_leather" },
      { "x": -4, "y": 0, "part": "seat_leather" },
      { "x": -3, "y": 0, "part": "seat_leather" },
      { "x": -5, "y": 1, "part": "stowboard_horizontal" },
      { "x": -5, "y": 0, "part": "stowboard_horizontal" },
      { "x": -6, "y": 0, "part": "xlhalfboard_vertical" },
      { "x": -6, "y": 0, "part": "medium_storage_battery" },
      { "x": -6, "y": 1, "part": "xlhalfboard_vertical" },
      { "x": -7, "y": 0, "part": "xlhalfboard_vertical" },
      { "x": -7, "y": 1, "part": "xlhalfboard_vertical" },
      { "x": -8, "y": 1, "part": "xlhalfboard_sw" },
      { "x": -8, "y": 0, "part": "xlhalfboard_se" },
      { "x": -8, "y": -1, "part": "xlhalfboard_sw" },
      { "x": -8, "y": 2, "part": "xlhalfboard_se" },
      { "x": -7, "y": -1, "part": "xlhalfboard_nw" },
      { "x": -7, "y": 2, "part": "xlhalfboard_ne" },
      { "x": 0, "y": 0, "part": "roof" },
      { "x": 0, "y": 1, "part": "roof" },
      { "x": -1, "y": 1, "part": "roof" },
      { "x": -1, "y": 0, "part": "roof" },
      { "x": -2, "y": 0, "part": "roof" },
      { "x": -2, "y": 1, "part": "roof" },
      { "x": -3, "y": 0, "part": "roof" },
      { "x": -2, "y": 1, "part": "small_civilian_rotors" },
      { "x": -3, "y": 1, "part": "roof" },
      { "x": -4, "y": 1, "part": "roof" },
      { "x": -4, "y": 0, "part": "roof" },
      { "x": 0, "y": 0, "part": "seatbelt" },
      { "x": 0, "y": 1, "part": "seatbelt" },
      { "x": -3, "y": 0, "part": "seatbelt" },
      { "x": -4, "y": 0, "part": "seatbelt" },
      { "x": -4, "y": 1, "part": "seatbelt" },
      { "x": -1, "y": 1, "part": "aisle_horizontal" },
      { "x": 0, "y": 2, "part": "windshield_se" },
      { "x": -2, "y": 2, "part": "door_sliding" },
      { "x": -4, "y": 0, "part": "engine_turbine_small" },
      { "x": -4, "y": 0, "part": "alternator_truck" },
      { "x": -5, "y": 0, "part": "tank_55gal_drum", "fuel": "jp8" },
      { "x": -5, "y": 1, "part": "tank_55gal_drum", "fuel": "jp8" },
      { "x": 0, "y": -1, "part": "windshield_sw" },
      { "x": -1, "y": -1, "part": "board_vertical" },
      { "x": -1, "y": 0, "part": "minifridge" },
	  { "x": 3, "y": 0, "part": "xlhalfboard_nw" },
      { "x": 3, "y": 1, "part": "xlhalfboard_ne" },
      { "x": 2, "y": 0, "part": "xlhalfboard_vertical_2" },
      { "x": 2, "y": 1, "part": "xlhalfboard_vertical_2" },
      { "x": 2, "y": 2, "part": "xlhalfboard_ne" },
      { "x": 2, "y": -1, "part": "xlhalfboard_nw" },
      { "x": -2, "y": 0, "part": "veh_table" }
  ]},  
  {
    "id": "survivorhelicopter_skylark",
    "type": "vehicle",
    "name": "Skylark Modified Survivalist's Helicopter",
    "parts": [ 
{ "x": 3, "y": 0, "part": "xlframe_ne" },
      { "x": 3, "y": 1, "part": "xlframe_ne" },
{ "x": 2, "y": 0, "part": "xlframe_ne" },
      { "x": 2, "y": 1, "part": "xlframe_ne" },
	  { "x": 2, "y": 1, "parts": [ "turret_mount",{"part": "m249" , "ammo_qty": [ 15, 125 ]}] },
      { "x": 2, "y": 2, "part": "xlframe_ne" },
      { "x": 2, "y": -1, "part": "xlframe_nw" },
{ "x": 1, "y": 0, "part": "xlframe_ne" },
{ "x": 1, "y": -1, "part": "xlframe_ne" },
      { "x": 1, "y": 1, "part": "xlframe_ne" },
      { "x": 1, "y": 2, "part": "xlframe_ne" },
      { "x": 0, "y": 0, "part": "xlframe_cross" },
      { "x": 0, "y": 1, "part": "xlframe_cross" },
      { "x": 0, "y": 2, "part": "xlframe_vertical" },
      { "x": 0, "y": -1, "part": "xlframe_cross" },
      { "x": -1, "y": -1, "part": "xlframe_vertical" },
      { "x": -1, "y": 0, "part": "xlframe_cross" },
      { "x": -1, "y": 1, "part": "xlframe_cross" },
      { "x": -1, "y": 2, "part": "xlframe_vertical" },
      { "x": -2, "y": 0, "part": "xlframe_cross" },
      { "x": -2, "y": 1, "part": "xlframe_cross" },
      { "x": -2, "y": 2, "part": "xlframe_vertical" },
	  { "x": 1, "y": 3, "parts": [ "hdframe_horizontal_2" , "turret_mount",{"part": "mounted_makeshiftmicromissilelauncher", "ammo_qty": [ 4, 10 ]}] },
      { "x": -2, "y": -1, "part": "hdframe_horizontal_2" },
      { "x": -2, "y": -1, "part": "door_sliding" },
	  { "x": 1, "y": -2, "parts": [ "hdframe_horizontal_2" , "turret_mount",{"part": "mounted_makeshiftmicromissilelauncher", "ammo_qty": [ 3, 10 ]}] },
      { "x": -3, "y": 0, "part": "xlframe_cross" },
      { "x": -3, "y": 1, "part": "xlframe_cross" },
      { "x": -3, "y": 2, "part": "xlframe_vertical" },
      { "x": -3, "y": -1, "part": "xlframe_vertical" },
      { "x": -4, "y": 0, "part": "xlframe_cross" },
      { "x": -4, "y": 1, "part": "xlframe_cross" },
      { "x": -4, "y": 2, "part": "xlframe_vertical" },
      { "x": -4, "y": -1, "part": "xlframe_vertical" },
      { "x": -5, "y": 1, "part": "xlframe_vertical" },
      { "x": -5, "y": 0, "part": "xlframe_vertical" },
      { "x": -5, "y": 1, "part": "welding_rig" },
      { "x": -5, "y": 0, "part": "kitchen_unit" },
      { "x": -5, "y": 2, "part": "xlframe_se" },
      { "x": -5, "y": -1, "part": "xlframe_sw" },
      { "x": -6, "y": 0, "part": "xlframe_sw" },
      { "x": -6, "y": 1, "part": "xlframe_se" },
      { "x": -7, "y": 0, "part": "xlframe_cover" },
      { "x": -7, "y": 1, "part": "xlframe_cover" },
      { "x": -8, "y": 1, "part": "xlframe_cover" },
      { "x": -8, "y": 0, "part": "xlframe_cover" },
      { "x": -8, "y": -1, "part": "xlframe_cover" },
      { "x": -8, "y": 2, "part": "xlframe_cover" },
      { "x": -7, "y": -1, "part": "xlframe_nw" },
      { "x": -7, "y": 2, "part": "xlframe_ne" },
      { "x": 1, "y": 2, "part": "reinforced_windshield" },
      { "x": 1, "y": -1, "part": "reinforced_windshield" },
	{ "x": 1, "y": 0, "part": "reinforced_windshield" },
      { "x": 1, "y": 1, "part": "reinforced_windshield" },
      { "x": 0, "y": 0, "part": "seat_leather" },
      { "x": 0, "y": 1, "part": "seat_leather" },
      { "x": 0, "y": 0, "part": "controls" },
      { "x": 0, "y": 0, "part": "dashboard" },
      { "x": 0, "y": 0, "part": "black_box" },
      { "x": 0, "y": 1, "part": "controls" },
      { "x": 0, "y": 1, "part": "dashboard" },
      { "x": -1, "y": 2, "part": "door_sliding" },
      { "x": -3, "y": 2, "part": "reinforced_windshield" },
      { "x": -3, "y": -1, "part": "reinforced_windshield" },
      { "x": -4, "y": -1, "part": "board_vertical" },
      { "x": -5, "y": -1, "part": "stowboard_sw" },
      { "x": -5, "y": 2, "part": "stowboard_se" },
      { "x": -4, "y": 2, "part": "board_vertical" },
      { "x": -2, "y": 1, "part": "aisle_vertical" },
      { "x": -3, "y": 1, "part": "aisle_vertical" },
      { "x": -4, "y": 1, "part": "bed" },
      { "x": -4, "y": 0, "part": "veh_table" },
      { "x": -3, "y": 0, "part": "minifridge" },
      { "x": -6, "y": 0, "part": "xlhalfboard_vertical" },
      { "x": -6, "y": 0, "part": "medium_storage_battery" },
      { "x": -6, "y": 1, "part": "xlhalfboard_vertical" },
      { "x": -7, "y": 0, "part": "xlhalfboard_vertical" },
      { "x": -7, "y": 1, "part": "xlhalfboard_vertical" },
      { "x": -8, "y": 1, "part": "xlhalfboard_sw" },
      { "x": -8, "y": 0, "part": "xlhalfboard_se" },
      { "x": -8, "y": -1, "part": "xlhalfboard_sw" },
      { "x": -8, "y": 2, "part": "xlhalfboard_se" },
      { "x": -7, "y": -1, "part": "xlhalfboard_nw" },
      { "x": -7, "y": 2, "part": "xlhalfboard_ne" },
      { "x": 0, "y": 0, "part": "roof" },
      { "x": 0, "y": 1, "part": "roof" },
      { "x": -1, "y": 1, "part": "roof" },
      { "x": -1, "y": 0, "part": "roof" },
      { "x": -2, "y": 0, "part": "roof" },
      { "x": -2, "y": 1, "part": "roof" },
      { "x": -3, "y": 0, "part": "roof" },
      { "x": -2, "y": 1, "part": "small_civilian_rotors" },
      { "x": -3, "y": 1, "part": "roof" },
      { "x": -4, "y": 1, "part": "roof" },
      { "x": -4, "y": 0, "part": "roof" },
      { "x": 0, "y": 0, "part": "seatbelt" },
      { "x": 0, "y": 1, "part": "seatbelt" },
      { "x": -1, "y": 1, "part": "aisle_horizontal" },
      { "x": 0, "y": 2, "part": "windshield_se" },
      { "x": -2, "y": 2, "part": "door_sliding" },
      { "x": -4, "y": 0, "part": "engine_turbine_small" },
      { "x": -4, "y": 0, "part": "alternator_truck" },
      { "x": -5, "y": 0, "part": "tank_55gal_drum", "fuel": "jp8" },
      { "x": -5, "y": 1, "part": "tank_55gal_drum", "fuel": "jp8" },
      { "x": 0, "y": -1, "part": "windshield_sw" },
      { "x": -1, "y": -1, "part": "door_sliding" },
      { "x": -1, "y": 0, "part": "aisle_horizontal" },
	  { "x": 3, "y": 0, "part": "xlhalfboard_nw" },
      { "x": 3, "y": 1, "part": "xlhalfboard_ne" },
      { "x": 2, "y": 0, "part": "hdhalfboard_horizontal_2" },
      { "x": 2, "y": 1, "part": "hdhalfboard_horizontal_2" },
      { "x": 2, "y": 2, "part": "xlhalfboard_ne" },
      { "x": 2, "y": -1, "part": "xlhalfboard_nw" },
      { "x": -2, "y": 0, "part": "aisle_horizontal" }
  ]},  
  {
    "id": "civilianhelicopter_solarsoarer",
    "type": "vehicle",
    "name": "Solar Soarer Helicopter",
    "parts": [ 
{ "x": 1, "y": 0, "part": "xlframe_ne" },
      { "x": 1, "y": 1, "part": "xlframe_ne" },
      { "x": 1, "y": 2, "part": "xlframe_ne" },
      { "x": 1, "y": -1, "part": "xlframe_nw" },
{ "x": 0, "y": -1, "part": "xlframe_ne" },
{ "x": 0, "y": 0, "part": "xlframe_ne" },
      { "x": 0, "y": 1, "part": "xlframe_ne" },
      { "x": 0, "y": 2, "part": "xlframe_ne" },
      { "x": -1, "y": 0, "part": "xlframe_cross" },
      { "x": -1, "y": 1, "part": "xlframe_cross" },
      { "x": -1, "y": 2, "part": "xlframe_vertical" },
      { "x": -1, "y": -1, "part": "xlframe_cross" },
      
      { "x": -2, "y": 0, "part": "xlframe_cross" },
      { "x": -2, "y": 1, "part": "xlframe_cross" },
      { "x": -2, "y": 2, "part": "xlframe_vertical" },
      { "x": -2, "y": -1, "part": "xlframe_vertical" },
      { "x": -3, "y": 0, "part": "xlframe_cross" },
      { "x": -3, "y": 1, "part": "xlframe_cross" },
      { "x": -3, "y": 2, "part": "xlframe_vertical" },
      { "x": -3, "y": -1, "part": "xlframe_vertical" },
      { "x": -4, "y": 0, "part": "xlframe_ne" },
      { "x": -4, "y": 1, "part": "xlframe_nw" },
      { "x": -4, "y": 2, "part": "xlframe_se" },
      { "x": -4, "y": -1, "part": "xlframe_sw" },
      { "x": -5, "y": 0, "part": "xlframe_sw" },
      { "x": -5, "y": 1, "part": "xlframe_se" },
      { "x": -6, "y": 0, "part": "xlframe_cover" },
      { "x": -6, "y": 1, "part": "xlframe_cover" },
      { "x": -7, "y": 1, "part": "xlframe_cover" },
      { "x": -7, "y": 0, "part": "xlframe_cover" },
      { "x": -7, "y": -1, "part": "xlframe_cover" },
      { "x": -7, "y": 2, "part": "xlframe_cover" },
      { "x": -6, "y": -1, "part": "xlframe_nw" },
      { "x": -6, "y": 2, "part": "xlframe_ne" },
      { "x": 0, "y": 2, "part": "windshield_ne" },
      { "x": 0, "y": -1, "part": "windshield_nw" },
	{ "x": 0, "y": 0, "part": "windshield" },
      { "x": 0, "y": 1, "part": "windshield" },
      { "x": -1, "y": 0, "part": "seat_leather" },
      { "x": -1, "y": 0, "part": "solar_panel_v3" },
      { "x": -1, "y": 1, "part": "seat_leather" },
      { "x": -1, "y": 1, "part": "solar_panel_v3" },
      { "x": -1, "y": 0, "part": "controls" },
      { "x": -1, "y": 0, "part": "dashboard" },
      { "x": -1, "y": 0, "part": "black_box" },
      { "x": -1, "y": 1, "part": "controls" },
      { "x": -1, "y": 1, "part": "dashboard" },
      
      { "x": -2, "y": 2, "part": "door_sliding" },
      { "x": -2, "y": -1, "part": "door_sliding" },
      { "x": -3, "y": -1, "part": "windshield" },
      { "x": -4, "y": -1, "part": "xlhalfboard_sw" },
      { "x": -4, "y": 2, "part": "xlhalfboard_se" },
      { "x": -3, "y": 2, "part": "windshield" },
      { "x": -2, "y": 1, "part": "solar_panel_v3" },
      
      { "x": -2, "y": 1, "part": "aisle_vertical" },
      { "x": -3, "y": 1, "part": "seat_leather" },
      { "x": -3, "y": 0, "part": "seat_leather" },
      { "x": -3, "y": 1, "part": "solar_panel_v3" },
      { "x": -3, "y": 0, "part": "solar_panel_v3" },
      { "x": -2, "y": 0, "part": "seat_leather" },
      { "x": -4, "y": 1, "part": "stowboard_horizontal" },
      { "x": -4, "y": 0, "part": "stowboard_horizontal" },
      { "x": -5, "y": 0, "part": "xlhalfboard_vertical" },
      { "x": -5, "y": 1, "part": "xlhalfboard_vertical" },
      { "x": -6, "y": 0, "part": "xlhalfboard_vertical" },
      { "x": -6, "y": 1, "part": "xlhalfboard_vertical" },
      { "x": -7, "y": 1, "part": "xlhalfboard_sw" },
      { "x": -7, "y": 0, "part": "xlhalfboard_se" },
      { "x": -7, "y": -1, "part": "xlhalfboard_sw" },
      { "x": -7, "y": 2, "part": "xlhalfboard_se" },
      { "x": -6, "y": -1, "part": "xlhalfboard_nw" },
      { "x": -6, "y": 2, "part": "xlhalfboard_ne" },
      { "x": -1, "y": 0, "part": "roof" },
      { "x": -1, "y": 1, "part": "roof" },
      { "x": -2, "y": 0, "part": "roof" },
      { "x": -2, "y": 0, "part": "small_civilian_rotors" },
      { "x": -2, "y": 1, "part": "roof" },
      { "x": -3, "y": 1, "part": "roof" },
      { "x": -3, "y": 0, "part": "roof" },
      { "x": -1, "y": 0, "part": "seatbelt" },
      { "x": -1, "y": 1, "part": "seatbelt" },
      { "x": -2, "y": 0, "part": "seatbelt" },
      { "x": -3, "y": 0, "part": "seatbelt" },
      { "x": -3, "y": 1, "part": "seatbelt" },
      { "x": -1, "y": 2, "part": "windshield_se" },
      { "x": -3, "y": 0, "part": "engine_electric_super" },
      { "x": -4, "y": 0, "part": "large_storage_battery" },
      { "x": -4, "y": 1, "part": "large_storage_battery"},
      { "x": -1, "y": -1, "part": "windshield_sw" },
      { "x": 1, "y": 0, "part": "xlhalfboard_horizontal" },
      { "x": 1, "y": 1, "part": "xlhalfboard_horizontal" },
      { "x": 1, "y": 2, "part": "xlhalfboard_ne" },
      { "x": 1, "y": -1, "part": "xlhalfboard_nw" }
      
  ]},
{
    "id": "militaryhelicopter_THGmultirole",
    "type": "vehicle",
    "name": "THG-Soldat Multirole Helicopter",
    "blueprint": [
      [ "        t     " ],
      [ "       ||     " ],
      [ "--   -=---'+'-" ],
      [ " h------X=#_#'" ],
      [ "--   -=---'+'-" ],
      [ "       ||     " ],
      [ "        t     " ]
    ],
    "parts": [
      {
        "x": 0,
        "y": 0,
        "parts": [ "frame_cross", "seat", "seatbelt_heavyduty", "controls", "dashboard", "roof", "headlight" ]
      },
      { "x": 0, "y": 1, "parts": [ "xlframe_vertical", "hdhalfboard_ne" ] },
      { "x": 0, "y": -1, "parts": [ "xlframe_vertical", "hdhalfboard_nw" ] },
      { "x": 1, "y": 0, "parts": [ "xlframe_cross", "hdhatch", "roof" ] },
      { "x": 2, "y": 0, "parts": [ "xlframe_cross", "hdhatch", "roof" ] },
      { "x": 1, "y": 1, "parts": [ "xlframe_vertical", "reinforced_windshield" ] },
      { "x": 1, "y": -1, "parts": [ "xlframe_vertical", "reinforced_windshield" ] },
      {
        "x": -1,
        "y": 0,
        "parts": [ "frame_cross", "seat", "seatbelt_heavyduty", "controls_electronic", "dashboard", "black_box", "roof" ]
      },
      { "x": -1, "y": 1, "parts": [ "frame_ne", "hdstowboard_ne" ] },
      { "x": -1, "y": -1, "parts": [ "frame_nw", "hdstowboard_nw" ] },
      { "x": -2, "y": 0, "parts": [ "frame_vertical", "trunk", "heavy_duty_military_rotor", "roof" ] },
      { "x": -2, "y": 1, "parts": [ "frame_vertical", "seat", "seatbelt",  "turret_mount", "roof"] },
      { "x": -2, "y": -1, "parts": [ "frame_vertical", "seat", "seatbelt", "turret_mount", "roof" ] },
      { "x": -1, "y": 2, "parts": [ "frame_horizontal", "hdboard_horizontal" ] },
      { "x": -2, "y": 1, "part": "m249", "ammo": 90,  "ammo_qty": [ 40, 125 ] },
      { "x": -2, "y": -1, "part": "m249", "ammo": 90,  "ammo_qty": [ 60, 150 ] },
      { "x": -1, "y": -2, "parts": [ "frame_horizontal", "hdboard_horizontal" ] },
      { "x": -3, "y": 0, "parts": [ "frame_vertical", "aisle_horizontal", "engine_turbine_medium", "storage_battery", "roof" ] },
      { "x": -2, "y": 2, "parts": [ "frame_vertical", "hdhatch_left" ] },
      { "x": -2, "y": -2, "parts": [ "frame_vertical", "hdhatch_right" ] },
      { "x": -4, "y": 0, "parts": [ "frame_horizontal", "seat", "seatbelt", "roof" ] },
      { "x": -4, "y": 1, "parts": [ "frame_horizontal", "seat", "seatbelt", "roof" ] },
      { "x": -4, "y": -1, "parts": [ "frame_horizontal",  "seat", "seatbelt", "roof" ] },
      { "x": -4, "y": 2, "parts": [ "frame_horizontal", "hdhatch_left" ] },
      { "x": -4, "y": -2, "parts": [ "frame_horizontal", "hdhatch_right" ] },
      { "x": -3, "y": 1, "parts": [ "frame_se", "aisle_horizontal", "roof" ] },
      { "x": -3, "y": -1, "parts": [ "frame_sw", "aisle_horizontal", "roof" ] },
      { "x": -3, "y": -2, "parts": [ "frame_vertical", "hdhatch_right" ] },
      { "x": -3, "y": 2, "parts": [ "frame_vertical", "hdhatch_left" ]},
      { "x": -5, "y": 0, "parts": [ "frame_horizontal", "hdstowboard_horizontal", { "fuel": "jp8", "part": "tank_55gal_drum" } ] },
      { "x": -5, "y": 1, "parts": [ "frame_horizontal", "hdstowboard_horizontal", { "fuel": "jp8", "part": "tank_55gal_drum" } ] },
      { "x": -5, "y": -1, "parts": [ "frame_horizontal", "hdstowboard_horizontal", { "fuel": "jp8", "part": "tank_55gal_drum" } ] },
      { "x": -5, "y": 2, "parts": [ "frame_horizontal", "hdboard_se" ] },
      { "x": -5, "y": -2, "parts": [ "frame_horizontal", "hdboard_sw" ] },
      { "x": -6, "y": 0, "parts": [ "frame_vertical", "hdhalfboard_vertical_2" ] },
      { "x": -6, "y": 1, "parts": [ "frame_vertical", "hdhalfboard_se" ] },
      { "x": -6, "y": -1, "parts": [ "frame_vertical", "hdhalfboard_sw" ] },
      { "x": -7, "y": 0, "parts": [ "frame_se", "hdhalfboard_vertical" ] },
      { "x": -8, "y": 0, "parts": [ "frame_se", "hdhalfboard_horizontal_2" ] },
      { "x": -8, "y": -1, "parts": [ "frame_se", "hdhalfboard_vertical_2" ] },
      { "x": -8, "y": 1, "parts": [ "frame_se", "hdhalfboard_vertical_2" ] },
      { "x": -8, "y": -2, "parts": [ "frame_se", "hdhalfboard_sw" ] },
      { "x": -8, "y": 2, "parts": [ "frame_se", "hdhalfboard_se" ] },
      { "x": -9, "y": -1, "parts": [ "frame_se", "hdhalfboard_vertical_2" ] },
      { "x": -9, "y": 1, "parts": [ "frame_se", "hdhalfboard_vertical_2" ] }
    ],
    "items": [
      { "x": -1, "y": 0, "chance": 7, "item_groups": [ "drugs_soldier" ] },
      { "x": -1, "y": 0, "chance": 10, "item_groups": [ "drugs_soldier" ] },
      { "x": -1, "y": 0, "chance": 10, "item_groups": [ "MRE", "MRE" ] },
      { "x": -1, "y": 0, "chance": 10, "item_groups": [ "MRE", "MRE" ] },
      { "x": -1, "y": 0, "chance": 5, "item_groups": [ "MRE", "MRE" ] },
      { "x": -1, "y": 0, "chance": 10, "items": [ "canteen" ] },
      { "x": -1, "y": 0, "chance": 10, "item_groups": [ "ammo_light_batteries_full" ] },
      { "x": -1, "y": 0, "chance": 10, "items": [ "mag_fieldrepair" ] },
      { "x": -1, "y": 0, "chance": 15, "items": [ "e_scrap" ] },
      { "x": -1, "y": 0, "chance": 7, "items": [ "screwdriver" ] },
      { "x": -1, "y": 0, "chance": 7, "items": [ "wrench" ] },
      { "x": 0, "y": 0, "chance": 5, "items": [ "screwdriver_set" ] },
      { "x": 0, "y": 0, "chance": 10, "items": [ "knife_combat" ] },
      { "x": 0, "y": 0, "chance": 5, "ammo": 90, "items": [ "ecig" ] }
    ]
  },
  {
    "id": "militaryhelicopter_THGmedevac",
    "type": "vehicle",
    "name": "THG-Soldat Medevac Helicopter",
    "blueprint": [
      [ "        t     " ],
      [ "       ||     " ],
      [ "--   -=---'+'-" ],
      [ " h------X=#_#'" ],
      [ "--   -=---'+'-" ],
      [ "       ||     " ],
      [ "        t     " ]
    ],
    "parts": [
      {
        "x": 0,
        "y": 0,
        "parts": [ "frame_cross", "seat", "seatbelt_heavyduty", "controls", "dashboard", "roof", "headlight" ]
      },
      { "x": 0, "y": 1, "parts": [ "xlframe_vertical", "hdhalfboard_ne" ] },
      { "x": 0, "y": -1, "parts": [ "xlframe_vertical", "hdhalfboard_nw" ] },
      { "x": 1, "y": 0, "parts": [ "xlframe_cross", "hdhatch", "roof" ] },
      { "x": 2, "y": 0, "parts": [ "xlframe_cross", "hdhatch", "roof" ] },
      { "x": 1, "y": 1, "parts": [ "xlframe_vertical", "reinforced_windshield" ] },
      { "x": 1, "y": -1, "parts": [ "xlframe_vertical", "reinforced_windshield" ] },
      {
        "x": -1,
        "y": 0,
        "parts": [ "frame_cross", "seat", "seatbelt_heavyduty", "controls_electronic", "dashboard", "black_box", "roof" ]
      },
      { "x": -1, "y": 1, "parts": [ "frame_ne", "hdstowboard_ne" ] },
      { "x": -1, "y": -1, "parts": [ "frame_nw", "hdstowboard_nw" ] },
      { "x": -2, "y": 0, "parts": [ "frame_vertical", "trunk", "heavy_duty_military_rotor", "roof" ] },
      { "x": -2, "y": 1, "parts": [ "frame_vertical", "seat", "seatbelt",  "turret_mount", "roof"] },
      { "x": -2, "y": -1, "parts": [ "frame_vertical", "seat", "seatbelt", "turret_mount", "roof" ] },
      { "x": -1, "y": 2, "parts": [ "frame_horizontal", "hdboard_horizontal" ] },
      { "x": -2, "y": 1, "part": "m249", "ammo": 90,  "ammo_qty": [ 40, 125 ] },
      { "x": -2, "y": -1, "part": "m249", "ammo": 90,  "ammo_qty": [ 60, 150 ] },
      { "x": -1, "y": -2, "parts": [ "frame_horizontal", "hdboard_horizontal" ] },
      { "x": -3, "y": 0, "parts": [ "frame_vertical", "aisle_horizontal", "engine_turbine_medium", "storage_battery", "roof" ] },
      { "x": -2, "y": 2, "parts": [ "frame_vertical", "hdhatch_left" ] },
      { "x": -2, "y": -2, "parts": [ "frame_vertical", "hdhatch_right" ] },
      { "x": -4, "y": 0, "parts": [ "frame_horizontal", "box", "roof" ] },
      { "x": -4, "y": 1, "parts": [ "frame_horizontal", "bed", "roof" ] },
      { "x": -4, "y": -1, "parts": [ "frame_horizontal",  "bed", "roof" ] },
      { "x": -4, "y": 2, "parts": [ "frame_horizontal", "hdhatch_left" ] },
      { "x": -4, "y": -2, "parts": [ "frame_horizontal", "hdhatch_right" ] },
      { "x": -3, "y": 1, "parts": [ "frame_se", "aisle_horizontal", "roof" ] },
      { "x": -3, "y": -1, "parts": [ "frame_sw", "aisle_horizontal", "roof" ] },
      { "x": -3, "y": -2, "parts": [ "frame_vertical", "hdhatch_right" ] },
      { "x": -3, "y": 2, "parts": [ "frame_vertical", "hdhatch_left" ]},
      { "x": -5, "y": 0, "parts": [ "frame_horizontal", "hdstowboard_horizontal", { "fuel": "jp8", "part": "tank_55gal_drum" } ] },
      { "x": -5, "y": 1, "parts": [ "frame_horizontal", "hdstowboard_horizontal", { "fuel": "jp8", "part": "tank_55gal_drum" } ] },
      { "x": -5, "y": -1, "parts": [ "frame_horizontal", "hdstowboard_horizontal", { "fuel": "jp8", "part": "tank_55gal_drum" } ] },
      { "x": -5, "y": 2, "parts": [ "frame_horizontal", "hdboard_se" ] },
      { "x": -5, "y": -2, "parts": [ "frame_horizontal", "hdboard_sw" ] },
      { "x": -6, "y": 0, "parts": [ "frame_vertical_2", "hdhalfboard_vertical_2" ] },
      { "x": -6, "y": 1, "parts": [ "frame_vertical", "hdhalfboard_se" ] },
      { "x": -6, "y": -1, "parts": [ "frame_vertical", "hdhalfboard_sw" ] },
      { "x": -7, "y": 0, "parts": [ "frame_se", "hdhalfboard_vertical" ] },
      { "x": -8, "y": 0, "parts": [ "frame_se", "hdhalfboard_horizontal_2" ] },
      { "x": -8, "y": -1, "parts": [ "frame_se", "hdhalfboard_vertical_2" ] },
      { "x": -8, "y": 1, "parts": [ "frame_se", "hdhalfboard_vertical_2" ] },
      { "x": -8, "y": -2, "parts": [ "frame_se", "hdhalfboard_sw" ] },
      { "x": -8, "y": 2, "parts": [ "frame_se", "hdhalfboard_se" ] },
      { "x": -9, "y": -1, "parts": [ "frame_se", "hdhalfboard_vertical_2" ] },
      { "x": -9, "y": 1, "parts": [ "frame_se", "hdhalfboard_vertical_2" ] }
    ],
    "items": [
      { "x": -4, "y": 0, "chance": 85, "item_groups": [ "drugs_soldier" ] },
      { "x": -2, "y": 0, "chance": 10, "item_groups": [ "MRE", "MRE" ] },
      { "x": -2, "y": 0, "chance": 10, "items": [ "canteen" ] },
      { "x": -2, "y": 0, "chance": 10, "item_groups": [ "ammo_light_batteries_full" ] },
      { "x": -1, "y": 0, "chance": 10, "items": [ "mag_fieldrepair" ] },
      { "x": -2, "y": 0, "chance": 15, "items": [ "e_scrap" ] },
      { "x": -1, "y": 0, "chance": 7, "items": [ "screwdriver" ] },
      { "x": -2, "y": 0, "chance": 7, "items": [ "wrench" ] },
      { "x": -2, "y": 0, "chance": 5, "items": [ "screwdriver_set" ] },
      { "x": 0, "y": 0, "chance": 10, "items": [ "knife_combat" ] },
      { "x": 0, "y": 0, "chance": 10, "ammo": 90, "items": [ "ecig" ] }
    ]
  },
{
    "id": "militaryhelicopter_THGmultiroleprototype",
    "type": "vehicle",
    "name": "THG-Soldat-MK2 Omnirole Helicopter",
    "blueprint": [
      [ "        t     " ],
      [ "       ||     " ],
      [ "--   -=---'+'-" ],
      [ " h------X=#_#'" ],
      [ "--   -=---'+'-" ],
      [ "       ||     " ],
      [ "        t     " ]
    ],
    "parts": [
      {
        "x": 0,
        "y": 0,
        "parts": [ "hdframe_cross", "seat", "seatbelt_heavyduty", "controls", "controls_electronic", "cam_control", "dashboard", "roof" ]
      },
      { "x": 0, "y": 1, "parts": [ "hdframe_vertical", "hdhalfboard_ne", "plating_steel", "wide_headlight" ] },
      { "x": 0, "y": -1, "parts": [ "hdframe_vertical", "hdhalfboard_nw", "plating_steel" ] },
      { "x": 1, "y": 0, "parts": [ "hdframe_cross", "hdhatch", "roof" ] },
      { "x": 2, "y": 0, "parts": [ "hdframe_cross", "hdhatch", "roof" ] },
      { "x": 1, "y": 1, "parts": [ "hdframe_vertical", "reinforced_windshield", "plating_steel" ] },
      { "x": 1, "y": -1, "parts": [ "hdframe_vertical", "reinforced_windshield", "plating_steel" ] },
      {
        "x": -1,
        "y": 0,
        "parts": [ "hdframe_cross", "seat", "seatbelt_heavyduty", "controls_electronic", "dashboard", "cam_control", "black_box", "roof" ]
      },
      { "x": -1, "y": 1, "parts": [ "hdframe_ne", "hdstowboard_ne", "plating_steel" ] },
      { "x": -1, "y": -1, "parts": [ "hdframe_nw", "hdstowboard_nw" ] },
      { "x": -2, "y": 0, "parts": [ "frame_vertical", "hdhatch", "roof" ] },
      { "x": -2, "y": 1, "parts": [ "frame_vertical", "hdstowboard_se", "roof"] },
      { "x": -2, "y": -1, "parts": [ "frame_vertical", "hdstowboard_sw", "roof" ] },
      { "x": -1, "y": 2, "parts": [ "hdframe_horizontal", "hdboard_horizontal", "plating_steel" ] },
      { "x": -2, "y": 2, "parts": [ "hdframe_vertical", "hdboard_ne", "turret_mount",{"part": "laser_cannon" }, "plating_steel", "controls_turret" ] },
      { "x": -2, "y": -2, "parts": [ "hdframe_vertical", "hdboard_nw", "turret_mount",{"part": "laser_cannon" }, "plating_steel", "controls_turret" ] },
      { "x": -2, "y": 3, "parts": [ "hdframe_horizontal_2"] },
      { "x": -2, "y": -3, "parts": [ "hdframe_horizontal_2"] },
      { "x": -3, "y": 3, "parts": [ "hdframe_se"] },
      { "x": -3, "y": -3, "parts": [ "hdframe_sw"] },
      { "x": -2, "y": 4, "parts": [ "hdframe_cross", "turret_mount" ] },
      { "x": -2, "y": -4, "parts": [ "hdframe_cross", "turret_mount" ] },
      { "x": -2, "y": 4, "part": "tow_launcher", "ammo": 85, "ammo_types": [ "atgm_heat" ], "ammo_qty": [ 1, 1 ] },
      { "x": -2, "y": -4, "part": "tow_launcher", "ammo": 85, "ammo_types": [ "atgm_heat" ], "ammo_qty": [ 1, 1 ] },
      { "x": -1, "y": -2, "parts": [ "hdframe_horizontal", "hdboard_horizontal" ] },
      { "x": -3, "y": 0, "parts": [ "frame_vertical", "heavy_duty_military_rotor", "aisle_horizontal", "engine_turbine_large", "generator_7500w", "large_storage_battery", "roof" ] },
      { "x": -3, "y": 1, "parts": [ "frame_se", "seat", "seatbelt", "roof" ] },
      { "x": -3, "y": -1, "parts": [ "frame_sw", "seat", "seatbelt", "roof" ] },
      { "x": -3, "y": 2, "parts": [ "hdframe_vertical", "hdhatch_left", "plating_steel" ]},
      { "x": -3, "y": -2, "parts": [ "hdframe_vertical", "hdhatch_right", "plating_steel" ] },
      { "x": -4, "y": 0, "parts": [ "frame_horizontal", "aisle_horizontal", "roof" ] },
      { "x": -4, "y": 1, "parts": [ "frame_horizontal", "aisle_horizontal", "roof" ] },
      { "x": -4, "y": -1, "parts": [ "frame_horizontal",  "aisle_horizontal" ] },
      { "x": -4, "y": 2, "parts": [ "hdframe_horizontal", "hdhatch_left", "plating_steel", "roof" ] },
      { "x": -4, "y": -2, "parts": [ "hdframe_horizontal", "hdhatch_right", "plating_steel" ] },
      { "x": -5, "y": 0, "parts": [ "frame_horizontal", "seat", "seatbelt", "roof" ] },
      { "x": -5, "y": 1, "parts": [ "frame_horizontal", "seat", "seatbelt", "roof" ] },
      { "x": -5, "y": -1, "parts": [ "frame_horizontal",  "seat", "seatbelt", "roof" ] },
      { "x": -5, "y": 2, "parts": [ "hdframe_horizontal", "hdhatch_left", "plating_steel" ] },
      { "x": -5, "y": -2, "parts": [ "hdframe_horizontal", "hdhatch_right", "plating_steel" ] },
      { "x": -6, "y": 0, "parts": [ "hdframe_horizontal", "hdstowboard_horizontal", { "fuel": "jp8", "part": "tank_55gal_drum" } ] },
      { "x": -6, "y": 1, "parts": [ "hdframe_horizontal", "hdstowboard_horizontal", { "fuel": "jp8", "part": "tank_55gal_drum" } ] },
      { "x": -6, "y": -1, "parts": [ "hdframe_horizontal", "hdstowboard_horizontal", { "fuel": "jp8", "part": "tank_55gal_drum" } ] },
      { "x": -6, "y": 2, "parts": [ "hdframe_horizontal", "hdboard_se", "plating_steel", "omnicam" ] },
      { "x": -6, "y": -2, "parts": [ "hdframe_horizontal", "hdboard_sw", "plating_steel", "omnicam" ] },
      { "x": -7, "y": 0, "parts": [ "hdframe_vertical", "hdhalfboard_vertical_2", { "fuel": "jp8", "part": "tank_55gal_drum" }, "plating_steel" ] },
      { "x": -7, "y": 1, "parts": [ "hdframe_vertical", "hdhalfboard_se", "plating_steel" ] },
      { "x": -7, "y": -1, "parts": [ "hdframe_vertical", "hdhalfboard_sw", "plating_steel" ] },
      { "x": -8, "y": 0, "parts": [ "hdframe_se", "hdhalfboard_vertical" ] },
      { "x": -9, "y": 0, "parts": [ "hdframe_se", "hdhalfboard_vertical" ] },
      { "x": -10, "y": 0, "parts": [ "hdframe_se", "hdhalfboard_horizontal_2", "plating_steel", "omnicam"] },
      { "x": -10, "y": -1, "parts": [ "hdframe_se", "hdhalfboard_vertical_2", "plating_steel" ] },
      { "x": -10, "y": 1, "parts": [ "hdframe_se", "hdhalfboard_vertical_2", "plating_steel" ] },
      { "x": -10, "y": -2, "parts": [ "hdframe_se", "hdhalfboard_sw", "plating_steel" ] },
      { "x": -10, "y": 2, "parts": [ "hdframe_se", "hdhalfboard_se", "plating_steel" ] },
      { "x": -11, "y": -1, "parts": [ "hdframe_se", "hdhalfboard_vertical_2", "plating_steel" ] },
{ "x": -11, "y": 1, "parts": [ "hdframe_se", "hdhalfboard_vertical_2", "plating_steel" ] } ] }
]
