[
  {
    "type": "mapgen",
    "method": "json",
    "om_terrain": [ "runway_hangar" ],
    "weight": 250,
    "object": {
      "rotation": [ 3, 3 ],
      "fill_ter": "t_floor",
      "rows": [
        "/%fss_,___________,_ssf/",
        "fffss_,___________,_ssf/",
        "sssss_,___________,_ssf/",
        "sssss_,_____,_____,_ssf/",
        "______,_____,_____,_ssf/",
        ",,,,,,,_____,_____,_ssf/",
        "____________,_____,_ssf/",
        "__________________,_ssf/",
        "__________________,_ssf/",
        "__________________,_ssf/",
        "____________,_____,_ssf/",
        "___,,,,_____,_____,_ssf/",
        "____________,_____,_ssf/",
        "____________,_____,_ssf/",
        "__________________,_ssf/",
        "__________________,_ssf/",
        "__________________,_ssf/",
        ",,,,,,,_____,_____,_ssf/",
        "______,_____,_____,_ssf/",
        "sssss_,_____,_____,_ssf/",
        "sssss_,_____,_____,_ssf/",
        "fffss_,___________,_ssf/",
        "/%fss_,___________,_ssf/",
        "/%fss_,___________,_ssf/"
      ],
      "place_vehicles": [ { "vehicle": "helicopters", "chance": 80, "fuel": -1, "rotation": 180, "status": -1, "x": 8, "y": 12 } ],
      "palettes": [ "airport_palette" ]
    }
  },
  {
    "method": "json",
    "om_terrain": [ [ "helipad_nw", "helipad_ne" ], [ "helipad_sw", "helipad_se" ] ],
    "type": "mapgen",
    "weight": 500,
    "object": {
      "fill_ter": "t_floor",
      "rows": [
        "FFF.......pppppppp...........................FFF",
        "FTFFWWWWWF!!!!!!!!FFFFFFFFFFFFFFFFFFFFFFFFFFFFTF",
        "FFG.W4ddw.ppppppppooo........................GFF",
        ".F..W-c?w.ppppppppoio|||||||||||||||||||||||..F.",
        ".F..WmWWW.ppppppppooo|%_____________C__B___|..F.",
        ".F..pppppppppppppppppM___C_________C_CC_B__|..F.",
        ".F..pppppppppppppppppM____________CCCCC____|..F.",
        ".F..pppppppppppppppppM_B__C___B__B___C_B___|..F.",
        ".F..pppppyppppyppppppM________*_________B__|..F.",
        ".F..pppppyppppyppppppM__B___C___B__C__B____|..F.",
        ".F..pppppyppppyppp...|____C___B____________|..F.",
        ".F..pppppyppppypppooom___________B______%__|..F.",
        ".F..pppppyppppyppp...||||||||m|MMMMMMMMM||||..F.",
        ".F..pppppyppppyppp...|_rrrr|____________%__|..F.",
        ".F..oooooooooooooo...|_____|_______________|..F.",
        ".F..............oo...|_rrrr|___IIIIIIIII_RR|..F.",
        ".F..WwWWwWwwWwwW++WwW|M|||||___IUUUUUUUI_sR|..F.",
        ".F..W----+-----+-----m_____m___IUUUUUUUI_75|..F.",
        ".F..W-?ddWdc--dW--WWW|||||||___IUUUUUUUI___|..F.",
        ".F..Wz-cfWd?f?dW--W&W|_____m___IUUUUUUUI_RR|..F.",
        ".F..WWWWWWWWWWWWz-+-W|ggggg|___IUUUUUUUI_sR|..F.",
        ".F..W[[[HH##O#SW--WSW|||||||___IUUUUUUUI_85|..F.",
        ".F..W----------+--WWW|lllll|___IUUUUUUUI___|..F.",
        ".F..W-cttc---1WW--+-W|_____M___IUUUUUUUI___|..F.",
        ".F..W-cttc-z-2W<--WhW|lllll|___IUUUUUUUI%__|..F.",
        ".F..WWwwwWwwwWWW++WWW||||||||m|MMMMMMMMM||||..F.",
        ".F.......3P.....oo...........o.=========6666..F.",
        ".F..========================================..F.",
        ".F..========================================..F.",
        ".F..========================================..F.",
        ".F..========================================..F.",
        ".F...o,,,,,o..o,,,,,,,,,,,,,,,,,,o..o,,,,,o...F.",
        ".F...o=====o..o==================o..o=====o...F.",
        ".F..$=========o$==,,========,,===o$=========..F.",
        ".F..==========o===,,========,,===o==========..F.",
        ".F..=,=====,==o===,,========,,===o=,=====,==..F.",
        ".F..=,=====,==o===,,========,,===o=,=====,==..F.",
        ".F..=,=====,==o===,,,,,,,,,,,,===o=,=====,==..F.",
        ".F..=,,,,,,,==o===,,,,,,,,,,,,===o=,,,,,,,==..F.",
        ".F..=,,,,,,,==o===,,========,,===o=,,,,,,,==..F.",
        ".F..=,=====,==o===,,========,,===o=,=====,==..F.",
        ".F..=,=====,==o===,,========,,===o=,=====,==..F.",
        ".F..=,=====,==o===,,========,,===o=,=====,==..F.",
        ".F..==========o==================o==========..F.",
        ".F..==========o==================o==========..F.",
        "FFG..........................................GFF",
        "FTFFFFFFFFFFFFFFFFFFFFFFFFFFFFFFFFFFFFFFFFFFFFTF",
        "FFF..........................................FFF"
      ],
      "palettes": [ "helipad_palette" ],
      "toilets": { "&": {  } },
      "gaspumps": { "$": {  } },
      "items": {
        "B": {
          "item": {
            "subtype": "distribution",
            "entries": [
              { "item": "30gal_drum", "prob": 50 },
              { "group": "fuel_barrel", "prob": 20 },
              { "group": "fuel_barrel_full", "prob": 30 }
            ]
          },
          "chance": 75
        },
        "C": {
          "item": {
            "subtype": "distribution",
            "entries": [
              { "group": "military_patrol_food", "prob": 50, "count": [ 3, 5 ] },
              { "group": "infantry_common_gear", "prob": 5, "count": [ 1, 2 ] },
              { "group": "mil_food", "prob": 40, "count": [ 1, 5 ] },
              { "group": "infantry_medical_gear", "prob": 5, "count": [ 1, 2 ] },
              { "group": "supplies_metal", "prob": 150, "count": [ 2, 6 ] },
              { "group": "supplies_mechanics", "prob": 50, "count": [ 0, 3 ] }
            ]
          },
          "chance": 50
        },
        "r": {
          "item": {
            "subtype": "distribution",
            "entries": [ { "group": "military_standard_assault_rifles", "prob": 45 }, { "group": "military_standard_shotguns", "prob": 5 } ]
          },
          "chance": 10
        },
        "l": {
          "item": {
            "subtype": "distribution",
            "entries": [
              { "group": "army_personal_locker", "prob": 150 },
              { "group": "military_patrol_food", "prob": 50 },
              { "group": "supplies_plumbing", "prob": 20 },
              { "group": "supplies_electronics", "prob": 20 },
              { "group": "supplies_metal", "prob": 20 },
              { "group": "supplies_mechanics", "prob": 20 },
              { "group": "hardware", "prob": 20 }
            ]
          },
          "chance": 50,
          "repeat": [ 2, 6 ]
        },
        "L": { "item": "army_personal_locker", "chance": 50, "repeat": [ 0, 4 ] },
        "d": { "item": "SUS_office_desk", "chance": 50 },
        "f": { "item": "SUS_office_filing_cabinet", "chance": 90 },
        "4": { "item": "military_standard_shotguns", "chance": 50 },
        "#": { "item": "SUS_utensils", "chance": 25, "repeat": [ 1, 3 ] },
        "t": { "item": "SUS_dishes", "chance": 50, "repeat": [ 1, 2 ] },
        "[": { "item": "SUS_fridge", "chance": 50 },
        "O": { "item": "SUS_oven", "chance": 75, "repeat": [ 0, 2 ] },
        "H": { "item": "SUS_spice_collection", "chance": 75 },
        "&": { "item": "SUS_toilet", "chance": 50 }
      },
      "place_loot": [ { "item": "american_flag", "x": 18, "y": 3, "chance": 75 } ],
      "vendingmachines": { "1": { "item_group": "vending_drink" }, "2": { "item_group": "vending_food" } },
      "place_monsters": [ { "monster": "GROUP_MIL_STRONG", "x": 36, "y": 15 }, { "monster": "GROUP_MIL_WEAK", "x": 24, "y": 30, "density": 2 } ],
      "monster": { "T": { "monster": "mon_turret_medium" } },
      "place_vehicles": [
        { "vehicle": "forklift", "x": 29, "y": 6, "chance": 95, "rotation": 180, "status": 1 },
        { "vehicle": "parkinglotbasic", "x": 4, "y": 9, "chance": 75, "rotation": 270, "status": -1 },
        { "vehicle": "aircraft_fuel_trailer", "x": 11, "y": 4, "chance": 40, "rotation": 270, "status": -1 },
        { "vehicle": "militaryhelicopter_salvagedTHGassault", "x": 9, "y": 42, "chance": 30, "rotation": 90, "status": -1 },
        { "vehicle": "militaryhelicopter_salvagedTHGscout", "x": 18, "y": 34, "chance": 35, "rotation": 270, "status": -1 },
        { "vehicle": "mil_helicopters", "x": 39, "y": 42, "chance": 20, "rotation": 90, "status": 1 }
      ]
    }
  },
  {
    "type": "vehicle_group",
    "id": "city_wrecks",
    "vehicles": [
      [ "militaryhelicopter_salvagedTHGassault", 10 ]
    ]
  },
  {
    "type": "vehicle_group",
    "id": "city_vehicles",
    "vehicles": [
      [ "willysjeep", 200 ],
      [ "electriccar_mini", 1000 ],
      [ "electricquad_bike", 50 ],
      [ "solarelectric_bus", 250 ],
      [ "electric_motorbike_sidecar", 250 ],
      [ "electric_motorbike", 400 ],
      [ "armedwillysjeep", 150 ],
      [ "rocketeerwillysjeep", 75 ],
      [ "gyrocopter", 2 ],
      [ "militarycar_ProwlerIFV", 50 ],
      [ "militarycar_FerretScoutCar", 100 ]
    ]
  },
  {
    "type": "vehicle_group",
    "id": "highway",
    "vehicles": [
      [ "willysjeep", 80 ],
      [ "armedwillysjeep", 55 ],
      [ "rocketeerwillysjeep", 25 ],
      [ "electriccar_mini", 550 ],
      [ "solarelectric_bus", 100 ],
      [ "electric_motorbike_sidecar", 200 ],
      [ "electric_motorbike", 250 ],
      [ "electric_motorbike_sidecar", 100 ],
      [ "electricquad_bike", 100 ],
      [ "gyrocopter", 1 ],
      [ "militarycar_ProwlerIFV", 70 ],
      [ "militarycar_FerretScoutCar", 50 ]
    ]
  },
  {
    "type": "vehicle_group",
    "id": "military_vehicles",
    "vehicles": [
      [ "willysjeep", 600 ],
      [ "rocketeerwillysjeep", 275 ],
      [ "armedwillysjeep", 450 ],
      [ "militarycar_ProwlerIFV", 350 ],
      [ "militarycar_FerretScoutCar", 400 ]
    ]
  },
  {
    "type": "vehicle_group",
    "id": "crashed_helicopters",
    "vehicles": [
      [ "militaryhelicopter_THGcargo", 250 ],
      [ "civilianhelicopter_THGcargo", 300 ],
      [ "militaryhelicopter_THGtransport", 300 ],
      [ "militaryhelicopter_THGassault", 150 ],
      [ "militaryhelicopter_salvagedTHGassault", 250 ],
      [ "militaryhelicopter_salvagedTHGscout", 600 ],
      [ "militaryhelicopter_THGscout", 400 ],
      [ "civilianhelicopter_Gyrocopter", 50 ],
      [ "civilianhelicopter_SolarGyrocopter", 50 ],
      [ "survivorhelicopter_PredatorGyrocopter", 50 ],
      [ "militaryhelicopter_THGmultiroleprototype", 50 ],
      [ "militaryhelicopter_THGhunterkiller", 50 ]
    ]
  },
  {
    "type": "vehicle_group",
    "id": "helicopters",
    "vehicles": [
      [ "civilianhelicopter_Gyrocopter", 700 ],
      [ "civilianhelicopter_skylark", 450 ],
      [ "civilianhelicopter_solarsoarer", 50 ],
      [ "civilianhelicopter_THGcargo", 300 ],
      [ "civilianhelicopter_Volare", 600 ],
      [ "survivorhelicopter_Volare", 250 ],
      [ "survivorhelicopter_PredatorGyrocopter", 350 ],
      [ "survivorhelicopter_skylark", 150 ],
      [ "militaryhelicopter_salvagedTHGassault", 50 ],
      [ "militaryhelicopter_salvagedTHGscout", 50 ],
      [ "civilianhelicopter_SolarGyrocopter", 350 ],
      [ "militaryhelicopter_THGhunterkiller", 10 ]
    ]
  },
  {
    "type": "vehicle_group",
    "id": "boatrent",
    "vehicles": [
      [ "jetski", 1250 ],
      [ "motorized_fishing_boat", 250 ],
      [ "racing_boat", 100 ],
      [ "premium_jetski", 500 ],
      [ "motorized_fishing_dinghy", 750 ]
    ]
  },
  {
    "type": "vehicle_group",
    "id": "boats_narrow",
    "//": "1 tile wide boats for storage sheds",
    "vehicles": [ [ "jetski", 1250 ], [ "premium_jetski", 500 ] ]
  },
  {
    "type": "vehicle_group",
    "id": "mil_helicopters",
    "vehicles": [
      [ "militaryhelicopter_THGcargo", 150 ],
      [ "militaryhelicopter_THGtransport", 200 ],
      [ "militaryhelicopter_THGassault", 300 ],
      [ "militaryhelicopter_salvagedTHGassault", 400 ],
      [ "militaryhelicopter_salvagedTHGscout", 600 ],
      [ "militaryhelicopter_THGscout", 600 ],
      [ "militaryhelicopter_THGmedevac", 400 ],
      [ "militaryhelicopter_THGmultirole", 300 ],
      [ "militaryhelicopter_THGmultiroleprototype", 50 ],
      [ "survivorhelicopter_PredatorGyrocopter", 250 ],
      [ "civilianhelicopter_THGcargo", 50 ],
      [ "militaryhelicopter_THGhunterkiller", 50 ]
    ]
  }
]

