
[
  {
    "id": "tac_helmet",
    "repairs_like": "xlkevlar",
    "type": "ARMOR",
    "name": { "str": "tactical helmet" },
    "description": "A lightweight black helmet that provides excellent protection from all sorts of damage.",
    "weight": "920 g",
    "volume": "1500 ml",
    "price": 37000,
    "price_postapoc": 750,
    "to_hit": -1,
    "bashing": 10,
    "material": [ "kevlar", "plastic" ],
    "symbol": "[",
    "looks_like": "tac_fullhelmet",
    "color": "dark_gray",
    "covers": [ "head" ],
    "coverage": 95,
    "encumbrance": 15,
    "warmth": 10,
    "material_thickness": 6,
    "techniques": [ "WBLOCK_1" ],
    "flags": [ "WATER_FRIENDLY", "STURDY" ]
  },
  {
    "id": "tac_fullhelmet",
    "repairs_like": "xlkevlar",
    "type": "ARMOR",
    "name": { "str": "tactical full helmet" },
    "description": "An all-encompassing black helmet that covers your entire face and neck, providing excellent protection from all sorts of damage with a built-in gas mask air filter.",
    "weight": "1154 g",
    "volume": "2 L",
    "price": 50000,
    "price_postapoc": 1000,
    "rigid": true,
    "to_hit": -1,
    "bashing": 10,
    "material": [ "kevlar", "plastic" ],
    "symbol": "[",
    "looks_like": "tac_fullhelmet",
    "color": "dark_gray",
    "covers": [ "head", "eyes", "mouth" ],
    "coverage": 100,
    "encumbrance": 20,
    "warmth": 15,
    "material_thickness": 7,
    "environmental_protection": 4,
    "environmental_protection_with_filter": 16,
    "max_charges": 100,
    "initial_charges": 100,
    "ammo": "gasfilter_m",
    "use_action": "GASMASK",
    "techniques": [ "WBLOCK_1" ],
    "flags": [ "VARSIZE", "STURDY", "SUN_GLASSES" ]
  },
{
    "id": "tactical_jumpsuit",
    "repairs_like": "kevlar",
    "type": "ARMOR",
    "name": { "str": "tactical jumpsuit" },
    "description": "A snug-fitting custom made full body black synthetic blend jumpsuit, with some slick hidden pockets sewn into its lining. The suit itself is rather protective, and very comfortable in almost all conditions. It even has a single, small magazine pouch sewn into each of its legs. Sneaky.",
    "weight": "785 g",
    "volume": "1820 ml",
    "price": 250000,
    "price_postapoc": 8500,
    "to_hit": -2,
    "material": [ "neoprene", "lycra", "kevlar" ],
    "symbol": "t",
    "looks_like": "wetsuit",
    "color": "dark_gray",
    "covers": [ "legs", "torso", "arms" ],
    "coverage": 95,
    "encumbrance": 7,
    "storage": "1000 ml",
    "warmth": 10,
    "material_thickness": 2,
    "environmental_protection": 1,
	"use_action": {
      "type": "holster",
      "holster_prompt": "Stash ammo",
      "holster_msg": "You stash your %s in your sneaky leg pocket.",
      "multi": 2,
      "min_volume": "1 ml",
      "max_volume": "250 ml",
      "draw_cost": 95,
      "flags": [ "MAG_COMPACT" ]
    },
    "flags": [ "VARSIZE", "SKINTIGHT", "WATERPROOF" ]
  },
{
    "id": "combat blouse",
    "type": "ARMOR",
    "name": { "str": "combat blouse" },
    "description": "A comfortable, but suprisingly tough snug long-sleeved composite material shirt with super-flexible plastic reinforcements at key points to protect the elbows and spine. A bit bulky for a undershirt, but very high quality. Favored by special forces units.",
    "weight": "256 g",
    "volume": "925 ml",
    "price": 4500,
    "price_postapoc": 100,
    "material": [ "nomex", "lycra", "plastic" ],
    "symbol": "[",
    "looks_like": "sweater",
    "color": "blue",
    "covers": [ "torso", "arms" ],
    "coverage": 95,
    "encumbrance": 3,
    "warmth": 7,
    "material_thickness": 1,
    "flags": [ "VARSIZE", "WATERPROOF", "STURDY", "SKINTIGHT" ]
  },
{
    "id": "helmet_flak",
    "repairs_like": "xlkevlar",
    "type": "ARMOR",
    "name": { "str": "flak helmet" },
    "description": "An older style of kevlar helmet that has long fallen out of use in most armed forces. Still, it provides decent protection from pistol-caliber threats and shrapnel to the head, and it's somewhat lighter than more modern protective helmets.",
    "weight": "1400 g",
    "volume": "1750 ml",
    "price": 11000,
    "price_postapoc": 850,
    "to_hit": -1,
    "bashing": 10,
    "material": [ "nomex", "iron", "cotton" ],
    "symbol": "[",
    "looks_like": "helmet_army",
    "color": "green",
    "covers": [ "head" ],
    "coverage": 85,
    "encumbrance": 16,
    "warmth": 10,
    "material_thickness": 10,
    "techniques": [ "WBLOCK_1" ],
    "flags": [ "VARSIZE", "WATERPROOF", "STURDY" ]
  },
{
    "id": "lightjacket_army",
    "repairs_like": "jacket_army",
    "type": "ARMOR",
    "name": { "str_sp": "spring army jacket" },
    "description": "A rather tough, yet lightweight jacket with fewer pockets than heavier coats, made to be comfortable to wear in hot climates and to be comfortably worn beneath armored vests.  Favored by the military, especially during the hot summer months.",
    "weight": "686 g",
    "volume": "2750 ml",
    "price": 3000,
    "price_postapoc": 600,
    "material": [ "cotton", "plastic" ],
    "symbol": "[",
    "looks_like": "jacket_army",
    "color": "green",
    "covers": [ "torso", "arms" ],
    "coverage": 90,
    "encumbrance": 8,
    "storage": "3500 ml",
    "warmth": 10,
    "material_thickness": 2,
    "valid_mods": [ "steel_padded", "alloy_padded" ],
    "flags": [ "VARSIZE", "POCKETS" ]
  },
{
    "id": "tactical kevlar vest",
    "repairs_like": "kevlar",
    "type": "ARMOR",
    "name": { "str": "Tactical Kevlar vest" },
    "description": "This non-modular heavy weight kevlar vest has one rather large pocket and three double-stacked smaller pockets designed to hold some small magazines and a variety of tactical gear, making it an affordable and popular option among law enforcement and private contractors alike. It's heavier and bulkier than a traditional kevlar vest, and cannot be worn beneath clothing easily as a result.",
    "weight": "3650 g",
    "volume": "6500 ml",
    "looks_like": "vest",
    "price": 90000,
    "price_postapoc": 2000,
    "rigid": true,
    "material": [ "kevlar" ],
    "symbol": "[",
    "color": "dark_gray",
    "covers": [ "torso" ],
    "coverage": 88,
    "encumbrance": 12,
    "warmth": 18,
    "material_thickness": 5,
    "storage": "3500 ml",
    "use_action": {
      "type": "holster",
      "holster_prompt": "Stash ammo",
      "holster_msg": "You stash your %s.",
      "multi": 6,
      "min_volume": "100 ml",
      "max_volume": "500 ml",
      "draw_cost": 72,
      "flags": [ "MAG_COMPACT" ]
    },
    "flags": [ "STURDY", "OUTER" ]
  },
{
    "id": "heavy kevlar vest",
    "repairs_like": "kevlar",
    "type": "ARMOR",
    "name": { "str": "Heavy Kevlar vest" },
    "description": "This non-modular vest is noticably bulkier than most kevlar vests owing to its heavier IIIA rated kevlar armor panels. While it's too thick to wear beneath a shirt, it can still be slipped beneath a jacket, or an even heavier vest, if you were that paranoid about getting shot in the apocalypse. It lacks any features such as magazine pouches or storage, however.",
    "weight": "3250 g",
    "volume": "6250 ml",
    "looks_like": "vest",
    "price": 80000,
    "price_postapoc": 1800,
    "rigid": true,
    "material": [ "kevlar" ],
    "symbol": "[",
    "color": "dark_gray",
    "covers": [ "torso" ],
    "coverage": 85,
    "encumbrance": 10,
    "warmth": 15,
    "material_thickness": 5,
    "flags": [ "STURDY" ]
  },
  {
    "id": "flak vest",
    "repairs_like": "kevlar",
    "type": "ARMOR",
    "name": { "str": "flak vest" },
    "description": "This old-school flak jacket is designed primarily to stop fragmentation spalding from AP weaponry hitting vehicle cabins from shredding their occupants. It's heavier than a traditional kevlar vest, and though it's great at protecting against fragmentation, cut wounds and some low-caliber threats, it is not by any means a bulletproof vest.",
    "weight": "4050 g",
    "volume": "6000 ml",
    "looks_like": "vest_leather",
    "price": 50000,
    "price_postapoc": 1000,
    "rigid": true,
    "material": [ "nomex", "iron", "cotton" ],
    "symbol": "[",
    "color": "dark_gray",
    "covers": [ "torso" ],
    "coverage": 90,
    "encumbrance": 12,
    "warmth": 15,
    "material_thickness": 8,
    "flags": [ "STURDY" ]
  },
  {
    "id": "tactical flak vest",
    "repairs_like": "kevlar",
    "type": "ARMOR",
    "name": { "str": "tactical flak vest" },
    "description": "This old-school flak jacket is designed primarily to stop fragmentation spalding from AP weaponry hitting vehicle cabins from shredding their occupants. It's heavier than a traditional kevlar vest, and though it's great at protecting against fragmentation, cut wounds and some low-caliber threats, it is not by any means a bulletproof vest. This one has some large utility pockets sewn into it, along with two small pouches designed to hold pistol magazines.",
    "weight": "4150 g",
    "volume": "6500 ml",
    "looks_like": "vest_leather",
    "price": 55000,
    "price_postapoc": 1200,
    "rigid": true,
    "material": [ "nomex", "iron", "cotton" ],
    "symbol": "[",
    "color": "dark_gray",
    "covers": [ "torso" ],
    "coverage": 90,
    "encumbrance": 15,
    "storage": "4000 ml",
    "use_action": {
      "type": "holster",
      "holster_prompt": "Stash ammo",
      "holster_msg": "You stash your %s.",
      "multi": 2,
      "min_volume": "100 ml",
      "max_volume": "350 ml",
      "draw_cost": 70,
      "flags": [ "MAG_COMPACT" ]
    },
    "warmth": 15,
    "material_thickness": 8,
    "flags": [ "STURDY", "OUTER" ]
  },
  {
    "id": "kevlar_heavy_harness",
    "repairs_like": "survivor_suit",
    "type": "ARMOR",
    "name": { "str": "Heavy Kevlar harness" },
    "description": "This is an incredibly bulky suit of near full upper-body IIIA kevlar armor with flak lining and arm protection, with some large magazine pouches and a small utility pouch. Outdated by military standards, though it was still popular among law enforcement and particularly paranoid milita-makers who ate up surplus from the prior. It provides great ballistic protection for the upper body, but it's quite encumbering.",
    "weight": "7150 g",
    "volume": "7850 ml",
    "looks_like": "football_armor",
    "price": 11000,
    "price_postapoc": 2600,
    "rigid": true,
    "material": [ "kevlar" ],
    "symbol": "[",
    "color": "dark_gray",
    "covers": [ "torso", "arms" ],
    "coverage": 90,
    "encumbrance": 14,
    "warmth": 17,
    "material_thickness": 6,
    "storage": "750 ml",
    "use_action": {
      "type": "holster",
      "holster_prompt": "Stash ammo",
      "holster_msg": "You stash your %s.",
      "multi": 3,
      "min_volume": "500 ml",
      "max_volume": "2000 ml",
      "draw_cost": 70,
      "flags": [ "MAG_COMPACT", "MAG_BULKY" ]
    },
    "flags": [ "STURDY", "OUTER"]
  },
{
    "id": "low-grade kevlar",
    "repairs_like": "survivor_suit",
    "type": "ARMOR",
    "name": { "str": "Low-grade Kevlar vest" },
    "description": "A clearly older, thinner vest of II kevlar. While it's not as protective as more modern III or IIIA soft vests, it's still suitable for wearing under clothing, and it's lighter too. Popular among independent contractors and paranoid civilians, before the cataclysm.",
    "weight": "2460 g",
    "volume": "5 L",
    "price": 55000,
    "price_postapoc": 950,
    "to_hit": -3,
    "bashing": 6,
    "material": [ "kevlar", "cotton" ],
    "symbol": "[",
    "looks_like": "vest_leather",
    "color": "light_gray",
    "covers": [ "torso" ],
    "coverage": 85,
    "encumbrance": 4,
    "warmth": 10,
    "material_thickness": 5,
    "flags": [ "STURDY", "SKINTIGHT" ]
  },
  {
    "id": "ultralight_carrier",
    "repairs_like": "modularveststeel",
    "type": "ARMOR",
    "name": { "str": "Ultralight plate carrier" },
    "description": "An incredibly light ballistic protection device which covers only the front and back of the torso, beneath kevlar-lined thin hardened steel plates. It is a lot lighter than traditional steel plate carriers, though less protective, making it once favored by certain special-operations units who never intended to get themselves shot to begin with. It has a couple, rather small, magazine pouches.",
    "weight": "7879 g",
    "volume": "4500 ml",
    "price": 35000,
    "price_postapoc": 2050,
    "to_hit": -3,
    "bashing": 6,
    "material": [ "kevlar", "hardsteel" ],
    "symbol": "[",
    "looks_like": "kevlar",
    "color": "light_cyan",
    "covers": [ "torso" ],
    "coverage": 70,
    "encumbrance": 16,
    "warmth": 8,
    "material_thickness": 4,
    "use_action": {
      "type": "holster",
      "holster_prompt": "Stash ammo",
      "holster_msg": "You stash your %s.",
      "multi": 3,
      "min_volume": "250 ml",
      "max_volume": "500 L",
      "draw_cost": 60,
      "flags": [ "MAG_COMPACT", "MAG_BULKY" ]
    },
    "flags": [ "STURDY" ]
  },
  {
    "id": "premium_ultralight_carrier",
    "repairs_like": "modularveststeel",
    "type": "ARMOR",
    "name": { "str": "premium Ultralight plate carrier" },
    "description": "An incredibly light ballistic protection device which covers only the front and back of the torso, beneath kevlar-lined superalloy plates. It is much lighter than traditional steel plate carriers, though less protective, making it once favored by certain special-operations units who never intended to get themselves shot to begin with. It has a couple, rather small, magazine pouches.",
    "weight": "4252 g",
    "volume": "4500 ml",
    "price": 65000,
    "price_postapoc": 4550,
    "to_hit": -3,
    "bashing": 6,
    "material": [ "kevlar", "superalloy" ],
    "symbol": "[",
    "looks_like": "kevlar",
    "color": "light_cyan",
    "covers": [ "torso" ],
    "coverage": 70,
    "encumbrance": 10,
    "warmth": 6,
    "material_thickness": 6,
    "use_action": {
      "type": "holster",
      "holster_prompt": "Stash ammo",
      "holster_msg": "You stash your %s.",
      "multi": 3,
      "min_volume": "250 ml",
      "max_volume": "500 L",
      "draw_cost": 60,
      "flags": [ "MAG_COMPACT", "MAG_BULKY" ]
    },
    "flags": [ "STURDY" ]
  },
  {
    "id": "cheap_ultralight_carrier",
    "repairs_like": "modularvestkevlar",
    "type": "ARMOR",
    "name": { "str": "Low-grade Ultralight plate carrier" },
    "description": "An incredibly light ballistic protection device which covers only the front and back of the torso, beneath kevlar-lined metal plates. This variation skimps on the hardened steel inserts, and opts instead for lighter plates of unknown material, while maintaining the magazine pouch configuration of more 'mainstream' alternatives.",
    "weight": "3579 g",
    "volume": "4600 ml",
    "price": 28000,
    "price_postapoc": 1150,
    "to_hit": -3,
    "bashing": 6,
    "material": [ "kevlar", "iron" ],
    "symbol": "[",
    "looks_like": "kevlar",
    "color": "light_cyan",
    "covers": [ "torso" ],
    "coverage": 70,
    "encumbrance": 8,
    "warmth": 6,
    "material_thickness": 5,
    "use_action": {
      "type": "holster",
      "holster_prompt": "Stash ammo",
      "holster_msg": "You stash your %s.",
      "multi": 3,
      "min_volume": "250 ml",
      "max_volume": "500 L",
      "draw_cost": 60,
      "flags": [ "MAG_COMPACT", "MAG_BULKY" ]
    },
    "flags": [ "STURDY" ]
  }
]