
[
  {
    "id": "holster",
    "type": "ARMOR",
    "name": { "str": "holster" },
    "description": "A leather strap worn on the hip for holding pistol sized guns.  Activate to holster/draw a gun.",
    "weight": "220 g",
    "volume": "500 ml",
    "price": 9000,
    "price_postapoc": 500,
    "material": [ "leather" ],
    "symbol": "[",
    "looks_like": "sheath",
    "color": "light_gray",
    "covers": [ "leg_either" ],
    "coverage": 2,
    "encumbrance": 2,
    "material_thickness": 1,
    "use_action": { "type": "holster", "max_volume": "800 ml", "min_volume": "300 ml", "skills": [ "pistol", "smg", "shotgun", "launcher" ] },
    "flags": [ "WAIST", "OVERSIZE" ]
  },
  {
    "type": "ammunition_type",
    "id": "military_micromissile",
    "name": "military-grade micromissile",
    "default": "explosive_micromissile"
  },
  {
    "type": "ammunition_type",
    "id": "makeshift_micromissile",
    "name": "makeshift micromissile",
    "default": "makeshift_explosive_micromissile"
  },
  {
    "type": "ammunition_type",
    "id": "homebrew_HVrocket",
    "name": "homebrew finned rocket",
    "default": "explosive_hm_hv_rocket"
  },
 {
    "type": "recipe",
    "result": "makeshift_incendiary_micromissile",
    "category": "CC_AMMO",
    "subcategory": "CSC_AMMO_OTHER",
    "skill_used": "fabrication",
    "difficulty": 4,
    "charges": 2,
    "time": "25 m",
    "book_learn": [ [ "manual_launcher", 3 ] ],
    "using": [ [ "welding_standard", 3 ] ],
    "qualities": [ { "id": "HAMMER", "level": 3 }, { "id": "SAW_M", "level": 1 } ],
    "tools": [ [ [ "hotplate", 75 ], [ "toolset", 75 ] ] ],
 "components": [ [ [ "pipe", 1 ] ], [["scrap", 4]], [ [ "chem_thermite", 40 ] ], [ [ "tool_rocket_candy", 1 ], [ "chem_rocket_fuel", 10 ] ] ]
 },
 {
    "type": "recipe",
    "result": "makeshift_explosive_micromissile",
    "category": "CC_AMMO",
    "subcategory": "CSC_AMMO_OTHER",
    "skill_used": "fabrication",
    "difficulty": 4,
    "charges": 2,
    "time": "20 m",
    "book_learn": [ [ "manual_launcher", 3 ] ],
    "using": [ [ "welding_standard", 3 ] ],
    "qualities": [ { "id": "HAMMER", "level": 3 }, { "id": "SAW_M", "level": 1 } ],
    "tools": [ [ [ "hotplate", 75 ], [ "toolset", 75 ] ] ],
 "components": [ [ [ "pipe", 1 ] ], [["scrap", 4]], [ [ "black_gunpowder",100 ] ], [ [ "tool_rocket_candy", 1 ], [ "chem_rocket_fuel", 10 ] ] ]
 },
 {
    "type": "recipe",
    "result": "makeshift_explosive_micromissile",
    "category": "CC_AMMO",
    "subcategory": "CSC_AMMO_OTHER",
    "skill_used": "fabrication",
    "difficulty": 4,
    "charges": 2,
    "time": "20 m",
    "book_learn": [ [ "manual_launcher", 3 ] ],
    "using": [ [ "welding_standard", 3 ] ],
    "qualities": [ { "id": "HAMMER", "level": 3 }, { "id": "SAW_M", "level": 1 } ],
    "tools": [ [ [ "hotplate", 75 ], [ "toolset", 75 ] ] ],
 "components": [ [ [ "pipe", 1 ] ], [["scrap", 4]], [ [ "gunpowder",100 ] ], [ [ "tool_rocket_candy", 1 ], [ "chem_rocket_fuel", 10 ] ] ]
 },
 {
    "type": "recipe",
    "result": "makeshift_slug_micromissile",
    "category": "CC_AMMO",
    "subcategory": "CSC_AMMO_OTHER",
    "skill_used": "fabrication",
    "difficulty": 3,
    "charges": 2,
    "time": "10 m",
    "book_learn": [ [ "manual_launcher", 2 ] ],
    "using": [ [ "welding_standard", 2 ] ],
    "qualities": [ { "id": "HAMMER", "level": 3 }, { "id": "SAW_M", "level": 1 } ],
    "tools": [ [ [ "hotplate", 100 ], [ "toolset", 100 ] ] ],
 "components": [ [ [ "pipe", 1 ] ], [["scrap", 5]], [ [ "lead", 25 ] ], [ [ "tool_rocket_candy", 1 ], [ "chem_rocket_fuel", 10 ] ] ]
 },
 {
    "type": "recipe",
    "result": "explosive_hm_hvly_rocket",
    "category": "CC_AMMO",
    "subcategory": "CSC_AMMO_OTHER",
    "skill_used": "fabrication",
    "difficulty": 5,
    "time": "30 m",
    "book_learn": [ [ "manual_launcher", 4 ] ],
    "using": [ [ "welding_standard", 3 ] ],
    "qualities": [ { "id": "HAMMER", "level": 3 }, { "id": "SAW_M", "level": 2 } ],
    "tools": [ [ [ "hotplate", 100 ], [ "toolset", 100 ] ] ],
 "components": [ [ [ "pipe", 1 ] ], [["scrap", 5]], [ [ "gunpowder", 120 ] ], [ [ "tool_rocket_candy", 1 ], [ "chem_rocket_fuel", 10 ] ] ]
 },
 {
    "type": "recipe",
    "result": "explosive_hm_hv_rocket",
    "category": "CC_AMMO",
    "subcategory": "CSC_AMMO_OTHER",
    "skill_used": "fabrication",
    "difficulty": 6,
    "time": "40 m",
    "book_learn": [ [ "manual_launcher", 5 ] ],
    "using": [ [ "welding_standard", 5 ] ],
    "qualities": [ { "id": "HAMMER", "level": 3 }, { "id": "SAW_M", "level": 2 } ],
    "tools": [ [ [ "hotplate", 100 ], [ "toolset", 100 ] ] ],
 "components": [ [ [ "pipe", 2 ] ], [["scrap", 5]], [ [ "gunpowder", 200 ] ], [ [ "tool_rocket_candy", 1 ], [ "chem_rocket_fuel", 15 ] ] ]
 },
{
    "type": "recipe",
    "result": "makeshiftmicromissilelauncher",
    "category": "CC_WEAPON",
    "subcategory": "CSC_WEAPON_RANGED",
    "skill_used": "fabrication",
    "difficulty": 5,
    "time": "4 h 00 m",
    "book_learn": [ [ "manual_launcher", 5 ] ],
    "using": [ [ "welding_standard", 5 ] ],
    "qualities": [ { "id": "HAMMER", "level": 3 }, { "id": "SAW_M", "level": 2 } ],
"components": [ [ [ "sheet_metal", 1 ] ], [ [ "pilot_light", 5 ] ], [ [ "light_battery_cell", 5 ] ], [ [ "processor", 2 ] ], [["pipe", 10]], [["scrap", 25]] ]
  },
{
    "type": "recipe",
    "result": "MakeshiftRocketRifle",
    "category": "CC_WEAPON",
    "subcategory": "CSC_WEAPON_RANGED",
    "skill_used": "fabrication",
    "difficulty": 3,
    "time": "2 h 30 m",
    "book_learn": [ [ "manual_launcher", 2 ] ],
    "using": [ [ "welding_standard", 2 ] ],
    "qualities": [ { "id": "HAMMER", "level": 3 }, { "id": "SAW_M", "level": 2 } ],
"components": [ [ [ "sheet_metal", 1 ] ], [ [ "pilot_light", 1 ] ], [ [ "light_battery_cell", 1 ] ], [ [ "processor", 1 ] ], [["pipe", 1]], [["scrap", 5]] ]
  },
{
    "type": "recipe",
    "result": "MakeshiftRocketHandcannon",
    "category": "CC_WEAPON",
    "subcategory": "CSC_WEAPON_RANGED",
    "skill_used": "fabrication",
    "difficulty": 2,
    "time": "0 h 15 m",
    "book_learn": [ [ "manual_launcher", 1 ] ],
    "qualities": [ { "id": "SAW_M", "level": 2 } ]
  },
{
    "type": "recipe",
    "result": "ReinforcedRocketRifle",
    "category": "CC_WEAPON",
    "subcategory": "CSC_WEAPON_RANGED",
    "skill_used": "fabrication",
    "difficulty": 6,
    "time": "2 h 00 m",
    "book_learn": [ [ "manual_launcher", 5 ] ],
    "using": [ [ "welding_standard", 6 ] ],
    "qualities": [ { "id": "HAMMER", "level": 3 }, { "id": "SAW_M", "level": 2 } ],
"components": [ [ [ "MakeshiftRocketRifle", 1 ] ], [["sheet_metal", 2]], [["scrap", 5]], [["hinge", 1]] ]
  },
{
    "type": "recipe",
    "result": "RevolvingRocketRifle",
    "category": "CC_WEAPON",
    "subcategory": "CSC_WEAPON_RANGED",
    "skill_used": "fabrication",
    "difficulty": 5,
    "time": "1 h 30 m",
    "book_learn": [ [ "manual_launcher", 5 ] ],
    "using": [ [ "welding_standard", 5 ] ],
    "qualities": [ { "id": "HAMMER", "level": 3 }, { "id": "SAW_M", "level": 2 } ],
"components": [ [ [ "MakeshiftRocketRifle", 1 ] ], [["sheet_metal", 1]], [["spring", 1]] ]
  },
{
    "id": "MakeshiftRocketHandcannon",
    "copy-from": "launcher_base",
    "type": "GUN",
    "symbol": "/",
    "color": "light_gray",
    "name": { "str": "makeshift rocket hand cannon" },
    "description": "A very odd and suprisingly complex makeshift weapon, which has been chaotically sawn-down and hacked into an ALMOST pistol-sized package of circuitry and scrap, its barrel just barely longer than the rocket projectile it's meant to contain. Firing this thing is either an act of bravery or stupidity, but it theoretically allows you a very very compact explosive launcher, if you think you need one for some reason.",
    "price": 5000,
    "material": "steel",
    "flags": [ "PYROMANIAC_WEAPON" ],
    "ammo": [ "makeshift_micromissile" ],
    "weight": "4270 g",
    "volume": "800ml",
    "price_postapoc": 2000,
    "bashing": 7,
    "dispersion": 750,
    "durability": 4,
    "modes": [ [ "DEFAULT", "semi", 1 ] ],
    "clip_size": 1,
    "reload": 225,
    "loudness": 220,
    "valid_mod_locations": [ [ "grip mount", 1 ], [ "underbarrel mount", 1 ] ]
  }, 
 
{
    "id": "MakeshiftRocketRifle",
    "copy-from": "launcher_base",
    "type": "GUN",
    "symbol": "/",
    "color": "light_gray",
    "name": { "str": "makeshift rocket rifle" },
    "description": "A very odd and suprisingly complex makeshift weapon, consisting of a salvaged circuit board which fires an electronically primed makeshift rocket held in a makeshift bolt system, which is then propelled down its large pipe barrel. It handles more like a rifle than a traditional rocket launcher, but its accuracy is almost entirely dependant on its ammunition, and it can't fire rotary-primed miltiary rockets.",
    "price": 10000,
    "material": "steel",
    "flags": [ "PYROMANIAC_WEAPON" ],
    "ammo": [ "makeshift_micromissile" ],
    "weight": "6220 g",
    "volume": "2 L",
    "price_postapoc": 2000,
    "bashing": 16,
    "dispersion": 550,
    "durability": 5,
    "modes": [ [ "DEFAULT", "semi", 1 ] ],
    "clip_size": 1,
    "reload": 250,
    "loudness": 200,
    "valid_mod_locations": [ [ "sling", 1 ], [ "grip mount", 1 ], [ "rail mount", 1 ], [ "underbarrel mount", 1 ], [ "sight mount", 1 ] ]
  }, 
{
    "id": "ReinforcedRocketRifle",
    "copy-from": "launcher_base",
    "type": "GUN",
    "symbol": "/",
    "color": "light_gray",
    "name": { "str": "reinforced rocket rifle" },
    "description": "With choice reinforcements being made to the rifle's receiver, including maticulous work at integrating a sort of makeshift rifling to the barrel, this single-barreled heavy monstrosity of a rifle can now fire miltiary grade rockets with some degree of reliability, giving it a dramatically increased range and damage potential, though it is now even clunkier to reload, and it's still far from military-grade accuracy.",
    "price": 15000,
    "material": "steel",
    "flags": [ "PYROMANIAC_WEAPON" ],
    "ammo": [ "makeshift_micromissile", "military_micromissile" ],
    "weight": "7510 g",
    "volume": "2500 ml",
    "price_postapoc": 4000,
    "bashing": 18,
    "dispersion": 400,
    "durability": 6,
    "modes": [ [ "DEFAULT", "semi", 1 ] ],
    "clip_size": 1,
    "reload": 400,
    "loudness": 250,
    "valid_mod_locations": [ [ "sling", 1 ], [ "grip mount", 1 ], [ "rail mount", 1 ], [ "underbarrel mount", 1 ], [ "sight mount", 1 ] ]
  }, 
{
    "id": "RevolvingRocketRifle",
    "copy-from": "launcher_base",
    "type": "GUN",
    "symbol": "/",
    "color": "light_gray",
    "name": { "str": "revolving rocket rifle" },
    "description": "A much more complex modification of the standard rocket rifle, with a six-round cylinder cut from very large pipework and a dubiously sturdy chambering mechanism which allows it to load and fire up to six rockets in quick succession.",
    "price": 15000,
    "material": "steel",
    "flags": [ "PYROMANIAC_WEAPON" ],
    "ammo": [ "makeshift_micromissile" ],
    "weight": "8790 g",
    "volume": "3500 ml",
    "price_postapoc": 4000,
    "bashing": 16,
    "dispersion": 500,
    "durability": 5,
    "modes": [ [ "DEFAULT", "semi", 1 ] ],
    "clip_size": 6,
    "reload": 700,
    "loudness": 200,
    "valid_mod_locations": [ [ "sling", 1 ], [ "grip mount", 1 ], [ "rail mount", 1 ], [ "underbarrel mount", 1 ], [ "sight mount", 1 ] ]
  }, 
{
    "type": "recipe",
    "result": "Narrenkanone",
    "category": "CC_WEAPON",
    "subcategory": "CSC_WEAPON_RANGED",
    "skill_used": "fabrication",
    "difficulty": 7,
    "time": "5 h 30 m",
    "book_learn": [ [ "manual_launcher", 7 ] ],
    "using": [ [ "welding_standard", 5 ] ],
    "qualities": [ { "id": "HAMMER", "level": 3 }, { "id": "SAW_M", "level": 2 } ],
"components": [ [ [ "sheet_metal", 4 ] ], [ [ "pilot_light", 4 ] ], [ [ "light_battery_cell", 4 ] ], [ [ "processor", 2 ] ], [["pipe", 4]] ]
  },
  {
    "type": "AMMO",
    "id": "explosive_hm_hv_rocket",
    "price": 2000,
    "price_postapoc": 100,
    "name": { "str": "high-velocity finned homemade rocket" },
    "symbol": ",",
    "color": "dark_gray",
    "description": "A long hand built rocket, consisting of a suprisingly potent explosive warhead in a two-stage alluminum pipe finned canister, filled with improvised rocket fuel.  It takes a LOT of knowhow to make a rocket like this nowadays, but it's still not quite as good as pre-cataclysm hardware. Its fins prevent it from loading in standard tubular makeshift launchers.",
    "material": [ "aluminum", "powder" ],
    "volume": "1450 ml",
    "weight": "1050 g",
    "ammo_type": "homebrew_HVrocket",
    "damage": { "damage_type": "stab", "amount": 750, "armor_penetration": 200 },
    "range": 40,
    "dispersion": 75,
    "recoil": 150,
    "effects": [ "CUSTOM_EXPLOSION", "TRAIL" ],
    "explode_in_fire": true,
    "explosion": { "power": 150, "distance_factor": 0.7 }
  },
  {
    "type": "AMMO",
    "id": "explosive_hm_hvly_rocket",
    "price": 2000,
    "price_postapoc": 100,
    "name": { "str": "high-velocity low-yield finned homemade rocket" },
    "symbol": ",",
    "color": "dark_gray",
    "description": "A short hand built rocket, consisting of a light potent explosive warhead in a two-stage alluminum pipe finned canister, filled with improvised rocket fuel.  It takes a LOT of knowhow to make a rocket like this nowadays, but it's still not quite as good as pre-cataclysm hardware. Its fins prevent it from loading in standard tubular makeshift launchers.",
    "material": [ "aluminum", "powder" ],
    "volume": "1000 ml",
    "weight": "900 g",
    "ammo_type": "homebrew_HVrocket",
    "damage": { "damage_type": "stab", "amount": 600, "armor_penetration": 150 },
    "range": 36,
    "dispersion": 80,
    "recoil": 110,
    "effects": [ "CUSTOM_EXPLOSION", "TRAIL" ],
    "explode_in_fire": true,
    "explosion": { "power": 100, "distance_factor": 0.8 }
  },
  {
    "type": "AMMO",
    "id": "makeshift_explosive_micromissile",
    "price": 1000,
    "price_postapoc": 85,
    "name": { "str": "makeshift explosive micromissile" },
    "symbol": ",",
    "color": "dark_gray",
    "description": "A stubby, finned rocket with a conical metal tip welded from scrap and filled with explosive powder, propelled by a half-chunk of rocket fuel stuffed into half of a pipe. Since it's lighter, it goes further than a longer makeshift rocket, but its payload is weaker and it's highly innacurate.",
    "material": [ "aluminum", "powder" ],
    "volume": "450 ml",
    "weight": "450 g",
    "ammo_type": "makeshift_micromissile",
    "damage": { "damage_type": "stab", "amount": 200, "armor_penetration": 40 },
    "range": 32,
    "dispersion": 250,
    "recoil": 150,
    "effects": [ "CUSTOM_EXPLOSION", "TRAIL" ],
    "explode_in_fire": true,
    "explosion": { "power": 100, "distance_factor": 0.8 }
  },
  {
    "type": "AMMO",
    "id": "makeshift_explosive_bpmicromissile",
    "price": 1000,
    "price_postapoc": 85,
    "name": { "str": "makeshift explosive micromissile" },
    "symbol": ",",
    "color": "dark_gray",
    "description": "A stubby, finned rocket with a conical metal tip welded from scrap and filled with black powder, propelled by a half-chunk of rocket fuel stuffed into half of a pipe. Since it's lighter, it goes further than a longer makeshift rocket, but its payload is much weaker and it's highly innacurate.",
    "material": [ "aluminum", "powder" ],
    "volume": "450 ml",
    "weight": "450 g",
    "ammo_type": "makeshift_micromissile",
    "damage": { "damage_type": "stab", "amount": 125, "armor_penetration": 25 },
    "range": 32,
    "dispersion": 250,
    "recoil": 150,
    "effects": [ "CUSTOM_EXPLOSION", "TRAIL" ],
    "explode_in_fire": true,
    "explosion": { "power": 75, "distance_factor": 0.6 }
  },
  {
    "type": "AMMO",
    "id": "makeshift_slug_micromissile",
    "price": 1000,
    "price_postapoc": 85,
    "name": { "str": "makeshift micromissile slug" },
    "symbol": ",",
    "color": "dark_gray",
    "description": "A stubby, finned rocket with a heavy lead-filled conical spike cap welded to its front. It's essentially a short, heavy, rocket propelled spike- it's a little more accurate than other microrockets, thanks to its weight, but it has a shorter range as well. Pretty good as a practice round, as it's cheap and quicker to make than explosive warheads, and it'll still put a roughly tennis ball sized hole in whatever it hits, barring heavy armor.",
    "material": [ "aluminum", "powder" ],
    "volume": "450 ml",
    "weight": "600 g",
    "ammo_type": "makeshift_micromissile",
    "damage": { "damage_type": "stab", "amount": 60, "armor_penetration": 60 },
    "range": 25,
    "dispersion": 150,
    "recoil": 100,
    "effects": [ "TRAIL" ]
  },
  {
    "type": "AMMO",
    "id": "makeshift_incendiary_micromissile",
    "price": 1000,
    "price_postapoc": 85,
    "name": { "str": "makeshift incendiary micromissile" },
    "symbol": ",",
    "color": "dark_gray",
    "description": "A stubby, finned rocket with a conical metal tip welded from scrap and filled with explosive powder, propelled by a half-chunk of rocket fuel stuffed into half of a pipe. Since it's lighter, it goes further than a longer makeshift rocket, but its payload is weaker and it's highly innacurate.",
    "material": [ "aluminum", "powder" ],
    "volume": "450 ml",
    "weight": "450 g",
    "ammo_type": "makeshift_micromissile",
    "damage": { "damage_type": "stab", "amount": 50, "armor_penetration": 40 },
    "range": 32,
    "dispersion": 250,
    "recoil": 110,
    "effects": [ "CUSTOM_EXPLOSION", "TRAIL" ],
    "explode_in_fire": true,
    "explosion": { "power": 80, "distance_factor": 0.55, "fire": true }
  },
  {
    "type": "AMMO",
    "id": "explosive_micromissile",
    "price": 9500,
    "price_postapoc": 400,
    "name": { "str": "high explosive micromissile" },
    "symbol": ",",
    "color": "dark_gray",
    "description": "A stubby, yet very dense two-stage miltiary-grade rotatry-primed micromissile with finely machined air grooves to rotate it as it travels through air in order to maintain accuracy and assure its activation, complete with a RDX warhead. It is highly destructive, and compact.",
    "material": [ "steel", "hardsteel", "powder", "plastic" ],
    "volume": "500 ml",
    "weight": "900 g",
    "ammo_type": "military_micromissile",
    "damage": { "damage_type": "stab", "amount": 600, "armor_penetration": 200 },
    "range": 60,
    "dispersion": 80,
    "recoil": 200,
    "effects": [ "CUSTOM_EXPLOSION", "TRAIL" ],
    "explode_in_fire": true,
    "explosion": { "power": 200, "distance_factor": 0.75 }
  },
{
    "id": "Narrenkanone",
    "copy-from": "launcher_base",
    "type": "GUN",
    "symbol": "/",
    "color": "light_gray",
    "name": { "str": "Narrenkanone" },
    "description": "An incredibly heavy, improvised, direct ignition four-barreled launcher for home-made rockets.  Essentially, a welded box of thick-walled steel pipes, equipped with a pilot light array, several batteries and a simple circuit board with a multi-stage electronic trigger.  Whoever made this thing must've been a fucking genius, but it clearly wasn't designed to be fired from the shoulder. Effective only at medium range, barely. Despite its crude construction, it's rather well designed for a makeshift weapon.",
    "price": 20000,
    "material": "steel",
    "flags": [ "PYROMANIAC_WEAPON" ],
    "ammo": [ "homebrew_HVrocket", "makeshift_micromissile" ],
    "weight": "36430 g",
    "volume": "12 L",
    "price_postapoc": 2000,
    "bashing": 16,
    "dispersion": 350,
    "durability": 5,
    "modes": [ [ "DEFAULT", "semi", 1 ], [ "AUTO", "auto", 4 ] ],
    "clip_size": 4,
    "reload": 1000,
    "loudness": 200,
    "valid_mod_locations": [ [ "sling", 1 ], [ "grip mount", 1 ], [ "rail mount", 1 ], [ "underbarrel mount", 1 ] ]
  }, 
{
    "id": "micromissilelauncher",
    "copy-from": "launcher_base",
    "type": "GUN",
    "symbol": "/",
    "color": "light_gray",
    "name": { "str": "SCRAM Micromissile Pod" },
    "description": "An incredibly intimidating, bulky six-by-six row military grade 'micromissile' pod, meant to load and fire 36 rockets either in single fire, one row at a time, or all in a singular burst. For obvious reasons, it can't be fired without being attached to a vehicles electric grid.",
    "price": 20000,
    "material": "steel",
    "flags": [ "NEVER_JAMS", "NO_RELOAD", "MOUNTED_GUN" ],
    "ammo": [ "military_micromissile", "makeshift_micromissile" ],
    "weight": "145500 g",
    "volume": "15 L",
    "price_postapoc": 6500,
    "bashing": 12,
    "dispersion": 50,
    "durability": 6,
    "modes": [ [ "DEFAULT", "single", 1 ], [ "BURST", "row", 6 ] , [ "AUTO", "all", 36 ] ],
    "clip_size": 36,
    "reload": 360,
    "loudness": 200,
    "valid_mod_locations": [  ]
  },
  {
    "id": "makeshiftmicromissilelauncher",
    "copy-from": "launcher_base",
    "type": "GUN",
    "symbol": "/",
    "color": "light_gray",
    "name": { "str": "makeshift 'Harmonica' rocket rack" },
    "description": "A makeshift micromissile-launching assembly made from metal pipes, so named because of the instrument it somewhat resembles. Two rows of five pipes give the makeshift launcher a capacity of ten, which it can fire off one at a time, or one full rack at a time in bursts of five.",
    "price": 20000,
    "material": "steel",
    "flags": [ "NO_RELOAD", "MOUNTED_GUN" ],
    "ammo": [ "makeshift_micromissile" ],
    "weight": "82000 g",
    "volume": "9 L",
    "price_postapoc": 8500,
    "bashing": 10,
    "dispersion": 250,
    "durability": 6,
    "modes": [ [ "DEFAULT", "single", 1 ], [ "BURST", "row", 5 ] ],
    "clip_size": 10,
    "reload": 600,
    "loudness": 200,
    "valid_mod_locations": [  ]
  }
]